# Blender 4.5.4 LTS
# www.blender.org
mtllib carro.mtl
o Cube
v 2.273772 0.913398 -1.151867
v 2.273772 0.913398 0.529983
v -2.102805 0.901890 0.529983
v -2.102804 0.901890 -1.151867
v 2.357142 0.241865 -1.310941
v 2.357140 0.241865 0.689059
v -2.199057 0.241865 0.689058
v -2.199056 0.241865 -1.310942
v 2.273772 0.913398 -0.310942
v 0.079043 0.901890 -1.151867
v 2.357141 0.571877 -1.310942
v 0.079042 0.901890 0.529983
v 2.357140 0.571877 0.689058
v -2.102804 0.901890 -0.310942
v -2.199057 0.571877 0.689058
v -2.199056 0.571877 -1.310942
v 2.357141 0.241865 -0.310941
v 0.079043 0.241865 -1.310942
v 0.079041 0.241865 0.689058
v -2.199057 0.241865 -0.310942
v 0.079042 0.241865 -0.310942
v 2.357141 0.571877 -0.310942
v 0.079041 0.571877 0.689058
v -2.199057 0.571877 -0.310942
v 0.079043 0.571877 -1.310942
v 2.273772 0.913398 0.189058
v -1.029811 0.901890 -1.151867
v 2.357142 0.406871 -1.310941
v -1.029812 0.901890 0.529983
v 2.357140 0.406871 0.689059
v -2.102804 0.901890 -0.810942
v -2.199057 0.406871 0.689058
v -2.199056 0.406871 -1.310942
v 2.357140 0.241865 0.189059
v -1.029812 0.241865 -1.310942
v -1.029813 0.241865 0.689058
v -2.199057 0.241865 -0.810942
v 2.273772 0.913398 -0.810942
v 1.218092 0.901890 -1.151867
v 2.357141 0.736884 -1.310942
v 1.218091 0.901890 0.529983
v 2.357141 0.736884 0.689058
v -2.102804 0.901890 0.189058
v -2.199057 0.736884 0.689058
v -2.199056 0.736884 -1.310942
v 2.357141 0.241865 -0.810941
v 1.218092 0.241865 -1.310941
v 1.218090 0.241865 0.689058
v -2.199057 0.241865 0.189058
v -1.060007 0.901890 -0.310942
v 1.218091 0.901890 -0.310942
v 0.079041 0.241865 0.189058
v 0.079042 0.241865 -0.810942
v 1.218091 0.241865 -0.310942
v -1.029812 0.241865 -0.310942
v 2.357141 0.571877 0.189058
v 2.357141 0.571877 -0.810942
v 2.357141 0.736884 -0.310942
v 2.357141 0.406871 -0.310941
v -1.029812 0.571877 0.689058
v 1.218091 0.571877 0.689058
v 0.079042 0.736884 0.689058
v 0.079041 0.406871 0.689058
v -2.199056 0.571877 -0.810942
v -2.199057 0.571877 0.189058
v -2.199056 0.736884 -0.310942
v -2.199057 0.406871 -0.310942
v -1.029811 0.571877 -1.310942
v 1.218092 0.571877 -1.310942
v 0.079043 0.406871 -1.310942
v 0.079043 0.736884 -1.310942
v -1.060007 0.901890 0.189058
v -1.029813 0.241865 0.189058
v 2.357140 0.406871 0.189059
v -1.029813 0.406871 0.689058
v -2.199056 0.406871 -0.810942
v -1.029811 0.736884 -1.310942
v -1.060007 0.901890 -0.810942
v 1.218092 0.901890 -0.810942
v 1.218091 0.901890 0.189058
v 1.218091 0.241865 0.189058
v 1.218092 0.241865 -0.810942
v -1.029812 0.241865 -0.810942
v 2.357141 0.736884 0.189058
v 2.357141 0.736884 -0.810942
v 2.357141 0.406871 -0.810941
v -1.029812 0.736884 0.689058
v 1.218091 0.736884 0.689058
v 1.218090 0.406871 0.689058
v -2.199056 0.736884 -0.810942
v -2.199057 0.736884 0.189058
v -2.199057 0.406871 0.189058
v -1.029812 0.406871 -1.310942
v 1.218092 0.406871 -1.310942
v 1.218092 0.736884 -1.310942
v 0.079043 1.872162 -0.955065
v 0.079042 1.872162 0.333181
v 0.079042 1.872162 -0.310942
v -0.634908 1.872162 -0.955065
v -0.634909 1.872162 0.333181
v 0.892636 1.872162 -0.955065
v 0.892636 1.872162 0.333181
v -0.634909 1.872162 -0.310942
v 0.892636 1.872162 -0.310942
v 0.079042 1.872162 -0.693927
v 0.079042 1.872162 0.072043
v -0.634909 1.872162 0.072043
v -0.634909 1.872162 -0.693927
v 0.892636 1.872162 -0.693927
v 0.892636 1.872162 0.072043
v 1.095050 0.901890 -1.151867
v 1.095050 0.901890 0.529983
v 1.095050 0.241865 -1.310941
v 1.095048 0.241865 0.689058
v 1.095049 0.241865 -0.310942
v 1.095049 0.571877 0.689058
v 1.095050 0.571877 -1.310942
v 1.095049 0.241865 0.189058
v 1.095050 0.241865 -0.810942
v 1.095049 0.736884 0.689058
v 1.095049 0.406871 0.689058
v 1.095050 0.406871 -1.310942
v 1.095050 0.736884 -1.310942
v 0.814837 1.872162 -0.955065
v 0.814836 1.872162 0.333181
v 0.814836 1.872162 -0.310942
v 0.814836 1.872162 -0.693927
v 0.814836 1.872162 0.072043
v 0.922511 1.783095 -0.973131
v 0.922511 1.783095 0.082784
v -0.673931 1.783095 -0.973131
v 0.922511 1.783095 -0.310942
v 0.922511 1.783095 -0.704668
v 0.079042 1.783095 0.351247
v 0.922511 1.783095 0.351247
v -0.673931 1.783095 0.082784
v -0.673931 1.783095 -0.704669
v -0.673931 1.783095 -0.310942
v 0.079043 1.783095 -0.973131
v -0.673931 1.783095 0.351247
v 0.840559 1.783095 -0.973131
v 0.840559 1.783095 0.351247
v -0.923400 0.241865 -0.310942
v -0.923400 0.901890 -1.151867
v -0.923400 0.901890 0.529983
v -0.923400 0.241865 -1.310942
v -0.923401 0.241865 0.689058
v -0.923401 0.571877 0.689058
v -0.923400 0.571877 -1.310942
v -0.923401 0.241865 0.189058
v -0.923401 0.406871 0.689058
v -0.923400 0.736884 -1.310942
v -0.923400 0.241865 -0.810942
v -0.923401 0.736884 0.689058
v -0.923400 0.406871 -1.310942
v -0.557998 1.872162 -0.955065
v -0.557998 1.872162 0.333181
v -0.557998 1.872162 -0.310942
v -0.557998 1.872162 0.072043
v -0.557998 1.872162 -0.693927
v -0.591541 1.783095 0.351247
v -0.591540 1.783095 -0.973131
v 1.212703 0.917955 -1.148608
v 1.212703 0.917955 0.187121
v 1.212703 0.917955 -0.809004
v 1.212703 0.917955 0.526725
v -1.052969 0.917955 0.187121
v -1.052969 0.917955 -0.310942
v 0.079043 0.917955 -1.148608
v -1.052969 0.917955 -1.148609
v 1.212703 0.917955 -0.310942
v 0.079042 0.917955 0.526725
v -1.052969 0.917955 -0.809005
v -1.052969 0.917955 0.526725
v 1.090410 0.917955 -1.148608
v 1.090410 0.917955 0.526725
v -0.917350 0.917954 0.526725
v -0.917350 0.917954 -1.148609
v 0.002191 0.241865 -0.310942
v 0.002192 0.901890 -1.151867
v 0.002191 0.901890 0.529983
v 0.002192 0.241865 -1.310942
v 0.002190 0.241865 0.689058
v 0.002191 0.571877 0.689058
v 0.002192 0.571877 -1.310942
v 0.002191 0.241865 0.189058
v 0.002190 0.406871 0.689058
v 0.002192 0.736884 -1.310942
v 0.002192 0.241865 -0.810942
v 0.002191 0.736884 0.689058
v 0.002192 0.406871 -1.310942
v 0.030205 1.872162 -0.955065
v 0.030204 1.872162 0.333181
v 0.030205 1.872162 -0.310942
v 0.030204 1.872162 0.072043
v 0.030205 1.872162 -0.693927
v 0.027633 1.783095 0.351247
v 0.027633 1.783095 -0.973131
v 0.002656 0.917955 -1.148608
v 0.002655 0.917955 0.526725
v 0.153200 0.901890 -1.151867
v 0.153199 0.901890 0.529983
v 0.153200 0.241865 -1.310942
v 0.153198 0.241865 0.689058
v 0.153199 0.241865 -0.310942
v 0.153198 0.571877 0.689058
v 0.153200 0.571877 -1.310942
v 0.153199 0.736884 0.689058
v 0.153198 0.406871 0.689058
v 0.153200 0.406871 -1.310942
v 0.153200 0.736884 -1.310942
v 0.132747 1.872162 -0.955065
v 0.132747 1.872162 0.333181
v 0.132747 1.872162 -0.310942
v 0.132747 1.872162 -0.693927
v 0.132747 1.872162 0.072043
v 0.153198 0.241865 0.189058
v 0.153199 0.241865 -0.810942
v 0.134624 1.783095 0.351247
v 0.134625 1.783095 -0.973131
v 0.152861 0.917955 0.526725
v 0.152861 0.917955 -1.148608
v 0.840559 1.775995 -0.938124
v -0.591540 1.775995 -0.938124
v 1.090410 0.910854 -1.113602
v -0.917350 0.910854 -1.113602
v 0.027633 1.775995 -0.938124
v 0.002656 0.910854 -1.113602
v 0.134625 1.775995 -0.938124
v 0.152861 0.910854 -1.113602
v -2.102804 0.901890 -1.074497
v -2.199056 0.241865 -1.197470
v 2.273772 0.913398 -1.074496
v 2.357142 0.241865 -1.197470
v 0.079043 0.241865 -1.197470
v 2.357141 0.571877 -1.197470
v -2.199056 0.571877 -1.197471
v -2.199056 0.406871 -1.197470
v -1.060007 0.901890 -1.074497
v 1.218092 0.901890 -1.074496
v 1.218092 0.241865 -1.197470
v -1.029812 0.241865 -1.197470
v 2.357141 0.736884 -1.197470
v 2.357142 0.406871 -1.197470
v -2.199056 0.736884 -1.197471
v 0.079042 1.872162 -0.895802
v -0.634908 1.872162 -0.895802
v 0.892636 1.872162 -0.895802
v 1.095050 0.241865 -1.197470
v 0.814837 1.872162 -0.895802
v 0.922511 1.783095 -0.912205
v -0.673931 1.783095 -0.912205
v -0.923400 0.241865 -1.197470
v -0.557998 1.872162 -0.895802
v 1.212703 0.917955 -1.071538
v -1.052969 0.917955 -1.071538
v 0.002192 0.241865 -1.197470
v 0.030205 1.872162 -0.895802
v 0.153200 0.241865 -1.197470
v 0.132747 1.872162 -0.895802
v 2.273772 0.913398 0.438563
v 2.357140 0.241865 0.554982
v -2.102805 0.901890 0.438563
v -2.199057 0.241865 0.554981
v 0.079041 0.241865 0.554982
v 2.357140 0.571877 0.554982
v -2.199057 0.571877 0.554981
v -1.060007 0.901890 0.438563
v -1.029813 0.241865 0.554982
v 2.357140 0.406871 0.554982
v 1.218091 0.901890 0.438563
v 1.218090 0.241865 0.554982
v 2.357141 0.736884 0.554982
v -2.199057 0.736884 0.554981
v -2.199057 0.406871 0.554981
v 0.079042 1.872162 0.263156
v -0.634909 1.872162 0.263156
v 0.892636 1.872162 0.263156
v 1.095048 0.241865 0.554982
v 0.814836 1.872162 0.263156
v 0.922511 1.783095 0.279258
v -0.673931 1.783095 0.279258
v -0.923401 0.241865 0.554982
v -0.557998 1.872162 0.263156
v 1.212703 0.917955 0.435659
v -1.052969 0.917955 0.435659
v 0.002190 0.241865 0.554982
v 0.030204 1.872162 0.263156
v 0.153198 0.241865 0.554982
v 0.132747 1.872162 0.263156
v -0.894078 0.979750 0.514190
v -0.894078 0.979750 -1.136075
v 1.191975 0.979750 -1.136074
v 1.191975 0.979750 0.179668
v 1.191975 0.979750 -0.801552
v 1.191975 0.979750 0.514190
v -1.025895 0.979750 0.179668
v -1.025895 0.979750 -0.310942
v 0.079043 0.979750 -1.136074
v -1.025894 0.979750 -1.136075
v 1.191975 0.979750 -0.310942
v 0.079042 0.979750 0.514190
v -1.025895 0.979750 -0.801552
v -1.025895 0.979750 0.514190
v 1.072564 0.979750 -1.136074
v 1.072564 0.979750 0.514190
v 0.004440 0.979750 -1.136074
v 0.004439 0.979750 0.514190
v 0.151558 0.979750 0.514190
v 0.151558 0.979750 -1.136074
v -0.894078 0.972650 -1.101068
v 1.072564 0.972650 -1.101068
v 0.004440 0.972650 -1.101068
v 0.151558 0.972650 -1.101068
v 1.191975 0.979750 -1.060157
v -1.025894 0.979750 -1.060157
v 1.191975 0.979750 0.424487
v -1.025895 0.979750 0.424487
v 0.895627 1.774077 0.082784
v 0.895627 1.774077 -0.310942
v 0.895627 1.774077 -0.704668
v 0.895627 1.774077 -0.912205
v 0.895627 1.774077 0.279258
v 1.165090 0.970732 0.179668
v 1.165090 0.970732 -0.801552
v 1.165090 0.970732 -0.310942
v 1.165091 0.970732 -1.060157
v 1.165090 0.970732 0.424487
v -0.642621 1.769377 0.082784
v -0.642620 1.769377 -0.704669
v -0.642620 1.769377 -0.310942
v -0.642620 1.769377 -0.912205
v -0.642621 1.769377 0.279258
v -0.994584 0.966032 0.179668
v -0.994584 0.966032 -0.310942
v -0.994584 0.966032 -0.801552
v -0.994584 0.966032 -1.060157
v -0.994584 0.966032 0.424487
v 1.767405 0.909654 -1.151867
v 1.767405 0.909654 0.529983
v 1.823655 0.241865 -1.310941
v 1.823653 0.241865 0.689059
v 1.767405 0.909654 -0.310942
v 1.823654 0.241865 -0.310941
v 1.823653 0.571877 0.689058
v 1.823655 0.571877 -1.310942
v 1.767405 0.909654 -0.810942
v 1.767405 0.909654 0.189058
v 1.823653 0.241865 0.189059
v 1.823654 0.241865 -0.810941
v 1.823654 0.736884 0.689058
v 1.823653 0.406871 0.689058
v 1.823655 0.406871 -1.310941
v 1.823654 0.736884 -1.310942
v 1.767405 0.909654 -1.074496
v 1.823655 0.241865 -1.197470
v 1.767405 0.909654 0.438563
v 1.823653 0.241865 0.554982
v 1.374065 0.904095 -1.074496
v 1.374064 0.904095 0.438563
v 1.374065 0.904095 -1.151867
v 1.374064 0.904095 0.529983
v 1.390037 0.531677 -1.310941
v 1.390034 0.531677 0.689059
v 1.374064 0.904095 -0.310942
v 1.390036 0.531677 -0.310941
v 1.390035 0.571877 0.689058
v 1.390036 0.571877 -1.310942
v 1.374064 0.904095 -0.810942
v 1.374064 0.904095 0.189058
v 1.390035 0.531677 0.189059
v 1.390036 0.531677 -0.810941
v 1.390035 0.736884 0.689058
v 1.390035 0.543925 0.689058
v 1.390037 0.543925 -1.310942
v 1.390036 0.736884 -1.310942
v 1.390037 0.531677 -1.197470
v 1.390035 0.531677 0.554982
v 1.570735 0.906874 -1.074496
v 1.570735 0.906874 0.438563
v 1.570735 0.906874 -1.151867
v 1.570735 0.906874 0.529983
v 1.606846 0.531677 -1.310941
v 1.606843 0.531677 0.689059
v 1.570735 0.906874 -0.310942
v 1.606845 0.531677 -0.310941
v 1.606844 0.571877 0.689058
v 1.606845 0.571877 -1.310942
v 1.570735 0.906874 -0.810942
v 1.570735 0.906874 0.189058
v 1.606844 0.531677 0.189059
v 1.606845 0.531677 -0.810941
v 1.606844 0.736884 0.689058
v 1.606844 0.543925 0.689058
v 1.606846 0.543925 -1.310941
v 1.606845 0.736884 -1.310942
v 1.606846 0.531677 -1.197470
v 1.606844 0.531677 0.554982
v 1.296078 0.902992 -1.074496
v 1.296078 0.902992 0.438563
v 1.296078 0.902992 -1.151867
v 1.296078 0.902992 0.529983
v 1.276325 0.427964 -1.310941
v 1.276322 0.427964 0.689059
v 1.296078 0.902992 -0.310942
v 1.276323 0.427964 -0.310941
v 1.304063 0.571877 0.689058
v 1.304064 0.571877 -1.310942
v 1.296078 0.902992 -0.810942
v 1.296078 0.902992 0.189058
v 1.276323 0.427964 0.189058
v 1.276324 0.427964 -0.810942
v 1.304063 0.736884 0.689058
v 1.304063 0.475398 0.689058
v 1.304065 0.475398 -1.310942
v 1.304064 0.736884 -1.310942
v 1.276325 0.427964 -1.197470
v 1.276322 0.427964 0.554982
v 1.669070 0.908264 -1.074496
v 1.669070 0.908264 0.438563
v 1.669070 0.908264 -1.151867
v 1.669070 0.908264 0.529983
v 1.742990 0.427964 -1.310941
v 1.742988 0.427964 0.689059
v 1.669070 0.908264 -0.310942
v 1.742989 0.427964 -0.310941
v 1.715249 0.571877 0.689058
v 1.715250 0.571877 -1.310942
v 1.669070 0.908264 -0.810942
v 1.669070 0.908264 0.189058
v 1.742988 0.427964 0.189059
v 1.742990 0.427964 -0.810941
v 1.715249 0.736884 0.689058
v 1.715248 0.475398 0.689058
v 1.715250 0.475398 -1.310941
v 1.715250 0.736884 -1.310942
v 1.742990 0.427964 -1.197470
v 1.742988 0.427964 0.554982
v -1.205692 0.901890 -1.151867
v -1.205692 0.901890 0.529983
v -1.219139 0.530699 -1.310942
v -1.219140 0.530699 0.689058
v -1.205692 0.901890 -0.310942
v -1.219140 0.571877 0.689058
v -1.219139 0.571877 -1.310942
v -1.219140 0.530699 -0.310942
v -1.205692 0.901890 0.189058
v -1.219140 0.530699 0.189058
v -1.219140 0.539029 0.689058
v -1.219139 0.736884 -1.310942
v -1.205692 0.901890 -0.810942
v -1.219139 0.530699 -0.810942
v -1.219140 0.736884 0.689058
v -1.196084 0.555899 -1.310942
v -1.205692 0.901890 -1.074497
v -1.219139 0.530699 -1.197470
v -1.205692 0.901890 0.438563
v -1.219140 0.530699 0.554982
v -1.536175 0.901890 -1.151867
v -1.536176 0.901890 0.529983
v -1.576748 0.241865 -1.310942
v -1.571444 0.241865 0.689058
v -1.536175 0.901890 -0.310942
v -1.576749 0.571877 0.689058
v -1.576748 0.571877 -1.310942
v -1.576749 0.241865 -0.310942
v -1.536175 0.901890 0.189058
v -1.576749 0.406871 0.689058
v -1.576748 0.736884 -1.310942
v -1.536175 0.901890 -0.810942
v -1.576749 0.736884 0.689058
v -1.576748 0.406871 -1.310942
v -1.536175 0.901890 -1.074497
v -1.536176 0.901890 0.438563
v -1.576749 0.241865 0.189058
v -1.576748 0.241865 -0.810942
v -1.576748 0.241865 -1.197470
v -1.576749 0.241865 0.554981
v -1.633624 0.901890 -1.151867
v -1.633625 0.901890 0.529983
v -1.686571 0.241865 -1.310942
v -1.686572 0.241865 0.689058
v -1.633625 0.901890 -0.310942
v -1.686572 0.571877 0.689058
v -1.686571 0.571877 -1.310942
v -1.686571 0.241865 -0.310942
v -1.633625 0.901890 0.189058
v -1.686572 0.406871 0.689058
v -1.686570 0.736884 -1.310942
v -1.633625 0.901890 -0.810942
v -1.686572 0.736884 0.689058
v -1.686571 0.406871 -1.310942
v -1.633624 0.901890 -1.074497
v -1.633625 0.901890 0.438563
v -1.686572 0.241865 0.189058
v -1.686571 0.241865 -0.810942
v -1.686571 0.241865 -1.197470
v -1.686572 0.241865 0.554981
v -1.352633 0.901890 -1.151867
v -1.352633 0.901890 0.529983
v -1.379643 0.530699 -1.310942
v -1.379644 0.530699 0.689058
v -1.352633 0.901890 -0.310942
v -1.379644 0.571877 0.689058
v -1.379642 0.571877 -1.310942
v -1.379643 0.530699 -0.310942
v -1.352633 0.901890 0.189058
v -1.379644 0.539029 0.689058
v -1.379642 0.736884 -1.310942
v -1.352633 0.901890 -0.810942
v -1.379644 0.736884 0.689058
v -1.402522 0.555899 -1.310942
v -1.352633 0.901890 -1.074497
v -1.352633 0.901890 0.438563
v -1.379644 0.530699 0.189058
v -1.379643 0.530699 -0.810942
v -1.379643 0.530699 -1.197470
v -1.379644 0.530699 0.554982
v -1.426103 0.901890 -1.151867
v -1.426104 0.901890 0.529983
v -1.523450 0.382141 -1.310942
v -1.501672 0.382141 0.689058
v -1.426103 0.901890 -0.310942
v -1.459895 0.571877 0.689058
v -1.459894 0.571877 -1.310942
v -1.523451 0.382141 -0.310942
v -1.426103 0.901890 0.189058
v -1.459895 0.472950 0.689058
v -1.459894 0.736884 -1.310942
v -1.426103 0.901890 -0.810942
v -1.459895 0.736884 0.689058
v -1.505741 0.503655 -1.310942
v -1.426103 0.901890 -1.074497
v -1.426104 0.901890 0.438563
v -1.523451 0.382141 0.189058
v -1.523450 0.382141 -0.810942
v -1.523450 0.382141 -1.197470
v -1.506977 0.382141 0.554982
v -1.093749 0.416987 0.189058
v -1.093748 0.416987 -0.810942
v -1.093748 0.416987 -1.197470
v -1.093749 0.416987 0.554982
v -1.132849 0.901890 -1.151867
v -1.132850 0.901890 0.529983
v -1.093748 0.416987 -1.310942
v -1.093749 0.416987 0.689058
v -1.132850 0.901890 -0.310942
v -1.139574 0.571877 0.689058
v -1.139573 0.571877 -1.310942
v -1.093748 0.416987 -0.310942
v -1.132850 0.901890 0.189058
v -1.139574 0.472950 0.689058
v -1.139573 0.736884 -1.310942
v -1.132849 0.901890 -0.810942
v -1.139574 0.736884 0.689058
v -1.093748 0.503655 -1.310942
v -1.132849 0.901890 -1.074497
v -1.132850 0.901890 0.438563
v -2.102804 0.901890 -0.757892
v -2.199057 0.241865 -0.757892
v 2.273772 0.913398 -0.757892
v 2.357141 0.241865 -0.757891
v 0.079042 0.241865 -0.757892
v 2.357141 0.571877 -0.757892
v -2.199056 0.571877 -0.757892
v -2.199056 0.406871 -0.757892
v -1.060007 0.901890 -0.757892
v 1.218092 0.901890 -0.757892
v 1.218092 0.241865 -0.757892
v -1.029812 0.241865 -0.757892
v 2.357141 0.736884 -0.757892
v 2.357141 0.406871 -0.757892
v -2.199056 0.736884 -0.757892
v 0.079042 1.872162 -0.653292
v -0.634909 1.872162 -0.653292
v 0.892636 1.872162 -0.653292
v 1.095050 0.241865 -0.757892
v 0.814836 1.872162 -0.653292
v 0.922511 1.783095 -0.662894
v -0.673931 1.783095 -0.662894
v -0.923400 0.241865 -0.757892
v -0.557998 1.872162 -0.653292
v 1.212703 0.917955 -0.756160
v -1.052969 0.917955 -0.756160
v 0.002191 0.241865 -0.757892
v 0.030205 1.872162 -0.653292
v 0.153199 0.241865 -0.757892
v 0.132747 1.872162 -0.653292
v 1.191975 0.979750 -0.749498
v -1.025895 0.979750 -0.749498
v 0.895627 1.774077 -0.662894
v 1.165090 0.970732 -0.749498
v -0.642620 1.769377 -0.662894
v -0.994584 0.966032 -0.749498
v 1.767405 0.909654 -0.757892
v 1.823654 0.241865 -0.757891
v 1.374064 0.904095 -0.757892
v 1.390036 0.531677 -0.757892
v 1.570735 0.906874 -0.757892
v 1.606845 0.531677 -0.757892
v 1.296078 0.902992 -0.757892
v 1.276324 0.427964 -0.757892
v 1.669070 0.908264 -0.757892
v 1.742990 0.427964 -0.757892
v -1.205692 0.901890 -0.757892
v -1.219139 0.530699 -0.757892
v -1.536175 0.901890 -0.757892
v -1.576748 0.241865 -0.757892
v -1.633625 0.901890 -0.757892
v -1.686571 0.241865 -0.757892
v -1.352633 0.901890 -0.757892
v -1.379643 0.530699 -0.757892
v -1.426103 0.901890 -0.757892
v -1.523450 0.382141 -0.757892
v -1.132849 0.901890 -0.757892
v -1.093748 0.416987 -0.757892
v 2.273772 0.913398 0.142546
v 2.357140 0.241865 0.142547
v -2.102804 0.901890 0.142546
v -2.199057 0.241865 0.142546
v 0.079041 0.241865 0.142547
v 2.357141 0.571877 0.142547
v -2.199057 0.571877 0.142546
v -1.060007 0.901890 0.142546
v -1.029813 0.241865 0.142546
v 2.357140 0.406871 0.142547
v 1.218091 0.901890 0.142546
v 1.218091 0.241865 0.142547
v 2.357141 0.736884 0.142547
v -2.199057 0.736884 0.142546
v -2.199057 0.406871 0.142546
v 0.079042 1.872162 0.036416
v -0.634909 1.872162 0.036416
v 0.892636 1.872162 0.036416
v 1.095049 0.241865 0.142547
v 0.814836 1.872162 0.036416
v -0.673931 1.783095 0.046159
v 0.922511 1.783095 0.046159
v -0.923401 0.241865 0.142546
v -0.557998 1.872162 0.036416
v -1.052969 0.917955 0.140789
v 1.212703 0.917955 0.140789
v 0.002191 0.241865 0.142547
v 0.030204 1.872162 0.036416
v 0.153198 0.241865 0.142547
v 0.132747 1.872162 0.036416
v -1.025895 0.979750 0.134030
v 1.191975 0.979750 0.134030
v 0.895627 1.774077 0.046159
v 1.165090 0.970732 0.134030
v -0.642621 1.769377 0.046159
v -0.994584 0.966032 0.134030
v 1.767405 0.909654 0.142546
v 1.823653 0.241865 0.142547
v 1.374064 0.904095 0.142546
v 1.390035 0.531677 0.142547
v 1.570735 0.906874 0.142546
v 1.606844 0.531677 0.142547
v 1.296078 0.902992 0.142546
v 1.276323 0.427964 0.142547
v 1.669070 0.908264 0.142546
v 1.742988 0.427964 0.142547
v -1.205692 0.901890 0.142546
v -1.219140 0.530699 0.142546
v -1.536175 0.901890 0.142546
v -1.576749 0.241865 0.142546
v -1.633625 0.901890 0.142546
v -1.686572 0.241865 0.142546
v -1.352633 0.901890 0.142546
v -1.379644 0.530699 0.142546
v -1.426103 0.901890 0.142546
v -1.523451 0.382141 0.142546
v -1.132850 0.901890 0.142546
v -1.093749 0.416987 0.142546
v 2.337251 0.778996 -1.272990
v 2.337250 0.778996 0.651106
v -2.176093 0.776251 0.651106
v -2.176092 0.776251 -1.272990
v 2.337251 0.778996 -0.310942
v 0.079042 0.776251 0.651106
v -2.176093 0.776251 -0.310942
v 0.079043 0.776251 -1.272990
v -1.029811 0.776251 -1.272990
v 2.337251 0.778996 0.189058
v 2.337251 0.778996 -0.810942
v -1.029812 0.776251 0.651106
v 1.218091 0.776251 0.651106
v -2.176092 0.776251 -0.810942
v -2.176093 0.776251 0.189058
v 1.218092 0.776251 -1.272990
v 1.095050 0.776251 -1.272990
v 1.095049 0.776251 0.651106
v -0.923400 0.776251 -1.272990
v -0.923401 0.776251 0.651106
v 0.002192 0.776251 -1.272990
v 0.002191 0.776251 0.651106
v 0.153200 0.776251 -1.272990
v 0.153199 0.776251 0.651106
v 2.337251 0.778996 -1.168131
v -2.176092 0.776251 -1.168132
v 2.337251 0.778996 0.527207
v -2.176093 0.776251 0.527206
v 1.810234 0.778103 0.651106
v 1.810234 0.778103 -1.272990
v 1.386225 0.776777 0.651106
v 1.386226 0.776777 -1.272990
v 1.598229 0.777440 0.651106
v 1.598230 0.777440 -1.272990
v 1.302158 0.776514 0.651106
v 1.302159 0.776514 -1.272990
v 1.704232 0.777771 0.651106
v 1.704232 0.777771 -1.272990
v -1.215930 0.776251 -1.272990
v -1.215932 0.776251 0.651106
v -1.567068 0.776251 -1.272990
v -1.567069 0.776251 0.651106
v -1.673939 0.776251 -1.272990
v -1.673940 0.776251 0.651106
v -1.373198 0.776251 -1.272990
v -1.373199 0.776251 0.651106
v -1.451832 0.776251 -1.272990
v -1.451833 0.776251 0.651106
v -1.137969 0.776251 -1.272990
v -1.137970 0.776251 0.651106
v 2.337251 0.778996 -0.757892
v -2.176092 0.776251 -0.757892
v 2.337251 0.778996 0.142547
v -2.176093 0.776251 0.142546
v 2.357141 0.533767 -0.310942
v 0.079041 0.533767 0.689058
v -2.199057 0.533767 -0.310942
v 2.357141 0.533767 -1.310942
v 2.357140 0.533767 0.689058
v -2.199057 0.533767 0.689058
v -2.199056 0.533767 -1.310942
v 0.079043 0.533767 -1.310942
v 2.357141 0.533767 0.189058
v -1.029813 0.533767 0.689058
v -2.199056 0.533767 -0.810942
v 2.357141 0.533767 -0.810942
v 1.218091 0.533767 0.689058
v -2.199057 0.533767 0.189058
v -1.029811 0.533767 -1.310942
v 1.218092 0.533767 -1.310942
v 1.095050 0.533767 -1.310942
v 1.095049 0.533767 0.689058
v -0.923401 0.533767 0.689058
v -0.923400 0.533767 -1.310942
v 0.002191 0.533767 0.689058
v 0.002192 0.533767 -1.310942
v 0.153200 0.533767 -1.310942
v 0.153198 0.533767 0.689058
v -2.199056 0.533767 -1.197471
v 2.357141 0.533767 -1.197470
v 2.357140 0.533767 0.554982
v -2.199057 0.533767 0.554981
v 1.823653 0.533767 0.689058
v 1.823655 0.533767 -1.310942
v 1.390035 0.565421 0.689058
v 1.390036 0.565421 -1.310942
v 1.606844 0.565421 0.689058
v 1.606845 0.565421 -1.310942
v 1.304063 0.549594 0.689058
v 1.304064 0.549594 -1.310942
v 1.715249 0.549594 0.689058
v 1.715250 0.549594 -1.310942
v -1.213814 0.568187 -1.310942
v -1.219140 0.564290 0.689058
v -1.576748 0.533767 -1.310942
v -1.576749 0.533767 0.689058
v -1.686571 0.533767 -1.310942
v -1.686572 0.533767 0.689058
v -1.384927 0.568187 -1.310942
v -1.379644 0.564290 0.689058
v -1.470483 0.556120 -1.310942
v -1.459895 0.549029 0.689058
v -1.128989 0.556120 -1.310942
v -1.139574 0.549029 0.689058
v -2.199056 0.533767 -0.757892
v 2.357141 0.533767 -0.757892
v 2.357141 0.533767 0.142547
v -2.199057 0.533767 0.142546
v 0.366823 1.783095 0.351247
v 0.461243 0.917955 0.526725
v 0.462996 0.901890 -1.151867
v 0.462996 0.901890 0.529983
v 0.462997 0.241865 -1.310942
v 0.462995 0.241865 0.689058
v 0.462996 0.241865 -0.310942
v 0.462995 0.571877 0.689058
v 0.462997 0.571877 -1.310942
v 0.462996 0.736884 0.689058
v 0.462995 0.406871 0.689058
v 0.462997 0.406871 -1.310942
v 0.462996 0.736884 -1.310942
v 0.357102 1.872162 -0.955065
v 0.357102 1.872162 0.333181
v 0.357102 1.872162 -0.310942
v 0.357102 1.872162 -0.693927
v 0.357102 1.872162 0.072043
v 0.462995 0.241865 0.189058
v 0.462996 0.241865 -0.810942
v 0.366823 1.783095 -0.973131
v 0.461243 0.917955 -1.148608
v 0.366823 1.775995 -0.938124
v 0.461243 0.910854 -1.113602
v 0.462997 0.241865 -1.197470
v 0.357102 1.872162 -0.895802
v 0.462995 0.241865 0.554982
v 0.357102 1.872162 0.263156
v 0.454498 0.979750 0.514190
v 0.454499 0.972650 -1.101068
v 0.462996 0.241865 -0.757892
v 0.357102 1.872162 -0.653292
v 0.462995 0.241865 0.142547
v 0.357102 1.872162 0.036416
v 0.462996 0.776251 -1.272990
v 0.462996 0.776251 0.651106
v 0.462997 0.533767 -1.310942
v 0.462995 0.533767 0.689058
v 2.285612 0.888328 -1.174460
v 2.285612 0.888328 0.552576
v -2.116475 0.878455 0.552576
v -2.116474 0.878455 -1.174460
v 2.285612 0.888328 -0.310942
v 0.079042 0.878455 0.552576
v -2.116475 0.878455 -0.310942
v 0.079043 0.878455 -1.174460
v 2.285612 0.888328 0.189058
v 2.285612 0.888328 -0.810942
v -1.029812 0.878455 0.552576
v 1.218091 0.878455 0.552576
v -2.116474 0.878455 -0.810942
v -2.116475 0.878455 0.189058
v 1.095050 0.878455 0.552576
v -0.923400 0.878455 0.552576
v 0.002191 0.878455 0.552576
v 0.153199 0.878455 0.552576
v 2.285612 0.888328 -1.091962
v -2.116474 0.878455 -1.091962
v 2.285612 0.888328 0.455098
v -2.116475 0.878455 0.455097
v 1.775393 0.885116 0.552576
v 1.376333 0.880346 0.552576
v 1.575863 0.882731 0.552576
v 1.297212 0.879400 0.552576
v 1.675628 0.883924 0.552576
v -1.207602 0.878455 0.552576
v -1.541938 0.878455 0.552576
v -1.641145 0.878455 0.552576
v -1.356470 0.878455 0.552576
v -1.430903 0.878455 0.552576
v -1.133805 0.878455 0.552576
v 2.285612 0.888328 -0.757892
v -2.116474 0.878455 -0.757892
v 2.285612 0.888328 0.142547
v -2.116475 0.878455 0.142546
v -1.029811 0.878455 -1.174460
v 1.218092 0.878455 -1.174460
v 1.095050 0.878455 -1.174460
v -0.923400 0.878455 -1.174460
v 0.002192 0.878455 -1.174460
v 0.153200 0.878455 -1.174460
v 1.775394 0.885116 -1.174460
v 1.376333 0.880346 -1.174460
v 1.575864 0.882731 -1.174460
v 1.297212 0.879400 -1.174460
v 1.675629 0.883924 -1.174460
v -1.207601 0.878455 -1.174460
v -1.541937 0.878455 -1.174460
v -1.641144 0.878455 -1.174460
v -1.356469 0.878455 -1.174460
v -1.430902 0.878455 -1.174460
v -1.133804 0.878455 -1.174460
v 0.462996 0.878455 -1.174460
v 0.462996 0.878455 0.552576
v 0.462996 0.845193 -1.206526
v 2.302418 0.852747 -1.206526
v 2.302418 0.852747 0.584642
v -2.135878 0.845193 0.584642
v -2.135876 0.845193 -1.206526
v 2.302418 0.852747 -0.310942
v 0.079042 0.845193 0.584642
v -2.135877 0.845193 -0.310942
v 0.079043 0.845193 -1.206526
v 2.302418 0.852747 0.189058
v 2.302418 0.852747 -0.810942
v -1.029812 0.845193 0.584642
v 1.218091 0.845193 0.584642
v -2.135877 0.845193 -0.810942
v -2.135877 0.845193 0.189058
v 1.095049 0.845193 0.584642
v -0.923400 0.845193 0.584642
v 0.002191 0.845193 0.584642
v 0.153199 0.845193 0.584642
v 2.302418 0.852747 -1.116751
v -2.135876 0.845193 -1.116751
v 2.302418 0.852747 0.478565
v -2.135878 0.845193 0.478565
v 1.786732 0.850289 0.584642
v 1.379552 0.846640 0.584642
v 1.583142 0.848465 0.584642
v 1.298822 0.845917 0.584642
v 1.684937 0.849377 0.584642
v -1.210313 0.845193 0.584642
v -1.550117 0.845193 0.584642
v -1.651818 0.845193 0.584642
v -1.361914 0.845193 0.584642
v -1.437715 0.845193 0.584642
v -1.135160 0.845193 0.584642
v 2.302418 0.852747 -0.757892
v -2.135877 0.845193 -0.757892
v 2.302418 0.852747 0.142547
v -2.135877 0.845193 0.142546
v -1.029811 0.845193 -1.206526
v 1.218092 0.845193 -1.206526
v 1.095050 0.845193 -1.206526
v -0.923400 0.845193 -1.206526
v 0.002192 0.845193 -1.206526
v 0.153200 0.845193 -1.206526
v 1.786732 0.850289 -1.206526
v 1.379552 0.846640 -1.206526
v 1.583143 0.848465 -1.206526
v 1.298822 0.845917 -1.206526
v 1.684937 0.849377 -1.206526
v -1.210312 0.845193 -1.206526
v -1.550116 0.845193 -1.206526
v -1.651817 0.845193 -1.206526
v -1.361913 0.845193 -1.206526
v -1.437714 0.845193 -1.206526
v -1.135159 0.845193 -1.206526
v 0.462996 0.845193 0.584642
v 0.462996 0.810722 -1.239758
v 2.319834 0.815871 -1.239758
v 2.319834 0.815871 0.617874
v -2.155986 0.810722 0.617874
v -2.155984 0.810722 -1.239758
v 2.319834 0.815871 -0.310942
v 0.079042 0.810722 0.617874
v -2.155985 0.810722 -0.310942
v 0.079043 0.810722 -1.239758
v 2.319834 0.815871 0.189058
v 2.319834 0.815871 -0.810942
v -1.029812 0.810722 0.617874
v 1.218091 0.810722 0.617874
v -2.155985 0.810722 -0.810942
v -2.155985 0.810722 0.189058
v 1.095049 0.810722 0.617874
v -0.923401 0.810722 0.617874
v 0.002191 0.810722 0.617874
v 0.153199 0.810722 0.617874
v 2.319834 0.815871 -1.142441
v -2.155984 0.810722 -1.142441
v 2.319834 0.815871 0.502886
v -2.155985 0.810722 0.502886
v 1.798483 0.814196 0.617874
v 1.382889 0.811708 0.617874
v 1.590686 0.812952 0.617874
v 1.300490 0.811215 0.617874
v 1.694584 0.813574 0.617874
v -1.213122 0.810722 0.617874
v -1.558593 0.810722 0.617874
v -1.662879 0.810722 0.617874
v -1.367557 0.810722 0.617874
v -1.444774 0.810722 0.617874
v -1.136565 0.810722 0.617874
v 2.319834 0.815871 -0.757892
v -2.155985 0.810722 -0.757892
v 2.319834 0.815871 0.142547
v -2.155985 0.810722 0.142546
v -1.029811 0.810722 -1.239758
v 1.218092 0.810722 -1.239758
v 1.095050 0.810722 -1.239758
v -0.923400 0.810722 -1.239758
v 0.002192 0.810722 -1.239758
v 0.153200 0.810722 -1.239758
v 1.798483 0.814196 -1.239758
v 1.382889 0.811708 -1.239758
v 1.590686 0.812952 -1.239758
v 1.300490 0.811215 -1.239758
v 1.694585 0.813574 -1.239758
v -1.213121 0.810722 -1.239758
v -1.558592 0.810722 -1.239758
v -1.662878 0.810722 -1.239758
v -1.367556 0.810722 -1.239758
v -1.444773 0.810722 -1.239758
v -1.136564 0.810722 -1.239758
v 0.462996 0.810722 0.617874
v -0.204288 0.917955 -1.148608
v -0.206009 0.241865 -0.310942
v -0.206008 0.901890 -1.151867
v -0.206009 0.901890 0.529983
v -0.206008 0.241865 -1.310942
v -0.206010 0.241865 0.689058
v -0.206009 0.571877 0.689058
v -0.206008 0.571877 -1.310942
v -0.206009 0.241865 0.189058
v -0.206010 0.406871 0.689058
v -0.206008 0.736884 -1.310942
v -0.206009 0.241865 -0.810942
v -0.206009 0.736884 0.689058
v -0.206008 0.406871 -1.310942
v -0.102104 1.872162 -0.955065
v -0.102104 1.872162 0.333181
v -0.102104 1.872162 -0.310942
v -0.102104 1.872162 0.072043
v -0.102104 1.872162 -0.693927
v -0.111642 1.783095 0.351247
v -0.111642 1.783095 -0.973131
v -0.204288 0.917955 0.526725
v -0.204288 0.910854 -1.113602
v -0.111642 1.775995 -0.938124
v -0.206008 0.241865 -1.197470
v -0.102104 1.872162 -0.895802
v -0.206010 0.241865 0.554982
v -0.102104 1.872162 0.263156
v -0.197671 0.979750 0.514190
v -0.197670 0.972650 -1.101068
v -0.206009 0.241865 -0.757892
v -0.102104 1.872162 -0.653292
v -0.206009 0.241865 0.142547
v -0.102104 1.872162 0.036416
v -0.206008 0.776251 -1.272990
v -0.206009 0.776251 0.651106
v -0.206009 0.533767 0.689058
v -0.206008 0.533767 -1.310942
v -0.206008 0.878455 -1.174460
v -0.206009 0.878455 0.552576
v -0.206009 0.845193 0.584642
v -0.206008 0.845193 -1.206526
v -0.206009 0.810722 0.617874
v -0.206008 0.810722 -1.239758
v 0.634396 1.783095 0.351247
v 0.816606 0.917955 0.526725
v 0.819989 0.901890 -1.151867
v 0.819989 0.901890 0.529983
v 0.819990 0.241865 -1.310941
v 0.819988 0.241865 0.689058
v 0.819989 0.241865 -0.310942
v 0.819988 0.571877 0.689058
v 0.819990 0.571877 -1.310942
v 0.819989 0.736884 0.689058
v 0.819988 0.406871 0.689058
v 0.819990 0.406871 -1.310942
v 0.819990 0.736884 -1.310942
v 0.615637 1.872162 -0.955065
v 0.615637 1.872162 0.333181
v 0.615637 1.872162 -0.310942
v 0.615637 1.872162 -0.693927
v 0.615637 1.872162 0.072043
v 0.819988 0.241865 0.189058
v 0.819989 0.241865 -0.810942
v 0.634396 1.783095 -0.973131
v 0.816606 0.917955 -1.148608
v 0.634396 1.775995 -0.938124
v 0.816606 0.910854 -1.113602
v 0.819990 0.241865 -1.197470
v 0.819988 0.241865 0.554982
v 0.803591 0.979750 0.514190
v 0.819989 0.241865 -0.757892
v 0.819988 0.241865 0.142547
v 0.615637 1.872162 -0.895802
v 0.615637 1.872162 0.263156
v 0.803591 0.972650 -1.101068
v 0.615637 1.872162 -0.653292
v 0.615637 1.872162 0.036416
v 0.819990 0.776251 -1.272990
v 0.819989 0.776251 0.651106
v 0.819990 0.533767 -1.310942
v 0.819988 0.533767 0.689058
v 0.819990 0.878455 -1.174460
v 0.819989 0.878455 0.552576
v 0.819989 0.845193 0.584642
v 0.819990 0.845193 -1.206526
v 0.819989 0.810722 0.617874
v 0.819990 0.810722 -1.239758
v 1.095050 0.743332 -1.238844
v 1.095050 0.845536 -1.140314
v 1.095050 0.812275 -1.172380
v 1.095050 0.777803 -1.205612
v 0.819990 0.743332 -1.238844
v 0.819990 0.845536 -1.140314
v 0.819990 0.812275 -1.172380
v 0.819990 0.777803 -1.205612
v 0.002192 0.750723 -1.246511
v 0.002192 0.852927 -1.147980
v 0.002192 0.819665 -1.180046
v 0.002192 0.785194 -1.213279
v -0.206008 0.750723 -1.246511
v -0.206008 0.852927 -1.147980
v -0.206008 0.819665 -1.180046
v -0.206008 0.785194 -1.213279
v 1.095049 0.743318 0.616946
v 1.095050 0.845522 0.518416
v 1.095049 0.812261 0.550482
v 1.095049 0.777789 0.583714
v 0.819989 0.743318 0.616946
v 0.819989 0.845522 0.518416
v 0.819989 0.812261 0.550482
v 0.819989 0.777789 0.583714
v 0.002191 0.712450 0.584927
v 0.002191 0.814654 0.486397
v 0.002191 0.781393 0.518463
v 0.002191 0.746922 0.551695
v -0.206009 0.712450 0.584927
v -0.206009 0.814654 0.486397
v -0.206009 0.781393 0.518463
v -0.206009 0.746922 0.551695
v 2.255359 0.406871 -0.310942
v 2.255360 0.406871 -0.757892
v 2.255359 0.406871 0.142547
v 2.255359 0.533767 -0.310942
v 2.255360 0.533767 -0.757892
v 2.255359 0.533767 0.142547
v -2.141769 0.241865 -0.310942
v -2.141769 0.406871 -0.310942
v -2.141769 0.241865 -0.757892
v -2.141769 0.406871 -0.757892
v -2.141770 0.241865 0.142546
v -2.141769 0.406871 0.142546
v -2.151284 0.571877 0.689058
v -2.151283 0.571877 -1.310942
v -2.151284 0.736884 0.689058
v -2.151283 0.736884 -1.310942
v -2.151284 0.571877 -0.810942
v -2.151284 0.571877 0.189058
v -2.151284 0.736884 -0.810942
v -2.151284 0.736884 0.189058
v -2.151283 0.571877 -1.197471
v -2.151283 0.736884 -1.197471
v -2.151284 0.571877 0.554982
v -2.151284 0.736884 0.554982
vn -0.0000 1.0000 -0.0000
vn -0.0000 -1.0000 -0.0000
vn 1.0000 -0.0000 -0.0000
vn -0.0000 -0.0000 1.0000
vn -1.0000 -0.0000 -0.0000
vn -0.0000 0.6940 -0.7199
vn -0.0000 0.1988 -0.9800
vn 0.9481 0.3180 -0.0000
vn -0.0000 -0.0000 -1.0000
vn -0.9159 0.4013 -0.0000
vn -0.0000 0.1988 0.9800
vn -0.0141 0.9999 -0.0000
vn 0.9544 -0.2986 -0.0000
vn 0.9042 0.4271 -0.0000
vn -0.0000 0.6940 0.7199
vn -0.0011 0.6928 0.7211
vn -0.8638 0.5039 -0.0000
vn -0.0090 0.6927 -0.7212
vn -0.3180 0.9481 -0.0000
vn 0.3180 -0.9481 -0.0000
vn -0.0668 -0.1524 0.9861
vn -0.4013 -0.9159 -0.0000
vn 0.0547 -0.1631 0.9851
vn -0.0656 -0.1496 -0.9866
vn -0.0000 0.9800 0.1988
vn -0.8932 -0.4143 -0.1746
vn 0.9998 0.0202 0.0041
vn -0.9622 -0.2669 -0.0541
vn -0.0000 -0.9800 -0.1988
vn -0.9996 0.0277 0.0056
vn 0.9381 -0.3393 -0.0688
vn 0.0537 -0.1602 -0.9856
vn -0.8951 -0.4206 0.1481
vn 0.4013 0.9159 -0.0000
vn -0.0074 1.0000 -0.0000
vn -0.0006 0.6733 0.7394
vn -0.0046 0.6724 -0.7402
vn -0.0011 0.6862 0.7274
vn -0.0089 0.6855 -0.7280
vn -0.6060 -0.7955 -0.0000
vn -0.0011 0.6817 0.7317
vn -0.0089 0.6806 -0.7326
vn 0.6739 -0.7388 -0.0000
vn -0.0011 0.6904 0.7234
vn -0.0090 0.6901 -0.7237
vn -0.9175 -0.3977 -0.0000
vn -0.0010 0.6787 0.7345
vn -0.0088 0.6774 -0.7356
vn -0.6718 -0.7408 -0.0000
vn 0.8948 -0.4451 -0.0354
vn 0.9348 -0.3552 -0.0000
vn 0.9156 -0.4016 -0.0206
vn 0.7659 -0.6428 -0.0152
vn -0.0000 0.6941 -0.7199
vn 0.7185 -0.6955 -0.0000
vn 0.7386 -0.6740 -0.0166
vn -0.9394 -0.3430 -0.0000
vn -0.0031 0.6928 0.7211
vn -0.0011 0.6928 -0.7211
vn -0.0000 0.6941 0.7199
vn -0.0016 0.6730 0.7396
vn -0.0006 0.6733 -0.7394
vn -0.0031 0.6860 0.7276
vn -0.0011 0.6862 -0.7274
vn -0.0031 0.6814 0.7319
vn -0.0011 0.6817 -0.7317
vn -0.0031 0.6903 0.7235
vn -0.0011 0.6904 -0.7234
vn -0.0031 0.6783 0.7348
vn -0.0010 0.6787 -0.7345
vn -0.0072 0.6927 -0.7212
vn -0.0037 0.6726 -0.7400
vn -0.0072 0.6857 -0.7279
vn -0.0071 0.6809 -0.7324
vn -0.0072 0.6902 -0.7236
vn -0.0071 0.6777 -0.7353
vn -0.0090 0.6927 0.7212
vn -0.0046 0.6724 0.7402
vn -0.0089 0.6855 0.7280
vn -0.0089 0.6806 0.7326
vn -0.0090 0.6901 0.7237
vn -0.0088 0.6774 0.7356
vn -0.0072 0.6927 0.7212
vn -0.0037 0.6726 0.7400
vn -0.0072 0.6857 0.7279
vn -0.0071 0.6809 0.7324
vn -0.0072 0.6902 0.7236
vn -0.0071 0.6777 0.7353
vn -0.0052 0.6928 -0.7211
vn -0.0027 0.6728 -0.7398
vn -0.0051 0.6858 -0.7277
vn -0.0051 0.6811 -0.7322
vn -0.0051 0.6903 -0.7236
vn -0.0051 0.6780 -0.7350
vn -0.0052 0.6928 0.7211
vn -0.0027 0.6728 0.7398
vn -0.0051 0.6858 0.7277
vn -0.0051 0.6811 0.7322
vn -0.0051 0.6903 0.7236
vn -0.0051 0.6780 0.7350
vn -0.0031 0.6928 -0.7211
vn -0.0016 0.6730 -0.7396
vn -0.0031 0.6860 -0.7276
vn -0.0031 0.6814 -0.7319
vn -0.0031 0.6903 -0.7235
vn -0.0031 0.6783 -0.7348
vn -0.0000 0.7199 -0.6940
vn -0.0000 -0.7199 -0.6940
vn -0.0000 0.7199 0.6940
vn -0.0000 0.7199 0.6941
vn -0.0000 -0.7199 0.6940
s 0
usemtl Material
f 494//1 263//1 3//1 480//1
f 498//2 482//2 7//2 264//2
f 270//3 30//3 6//3 262//3
f 488//4 32//4 7//4 482//4
f 238//5 33//5 8//5 232//5
f 871//6 824//6 4//6 479//6
f 609//1 559//1 14//1 483//1
f 141//7 124//7 101//7 129//7
f 251//8 248//8 109//8 133//8
f 289//2 204//2 19//2 265//2
f 587//2 205//2 21//2 563//2
f 610//2 486//2 20//2 560//2
f 273//3 42//3 13//3 266//3
f 571//3 58//3 22//3 564//3
f 572//3 59//3 17//3 562//3
f 491//4 44//4 15//4 484//4
f 208//4 62//4 23//4 206//4
f 209//4 63//4 19//4 204//4
f 64//1 1125//1 1129//1 237//1
f 566//2 1118//2 1116//2 67//2
f 771//9 735//9 16//9 485//9
f 751//9 736//9 25//9 207//9
f 863//6 828//6 10//6 201//6
f 667//1 619//1 43//1 487//1
f 281//8 278//8 102//8 135//8
f 252//10 247//10 99//10 131//10
f 283//2 147//2 36//2 269//2
f 639//2 150//2 73//2 625//2
f 668//2 495//2 49//2 620//2
f 755//3 733//3 30//3 270//3
f 781//3 737//3 74//3 626//3
f 626//3 74//3 34//3 618//3
f 772//4 734//4 32//4 488//4
f 747//4 738//4 75//4 151//4
f 151//4 75//4 36//4 147//4
f 753//5 735//5 33//5 238//5
f 779//5 739//5 76//5 566//5
f 566//5 76//5 37//5 560//5
f 485//9 16//9 45//9 489//9
f 149//9 68//9 77//9 152//9
f 861//6 858//6 27//6 144//6
f 493//1 231//1 31//1 490//1
f 579//8 576//8 104//8 132//8
f 219//11 213//11 97//11 134//11
f 637//10 633//10 103//10 138//10
f 399//12 240//12 79//12 409//12
f 601//12 568//12 51//12 405//12
f 580//10 575//10 108//10 137//10
f 659//12 627//12 80//12 410//12
f 400//12 271//12 41//12 402//12
f 418//13 404//13 48//13 272//13
f 660//13 411//13 81//13 628//13
f 645//2 217//2 52//2 621//2
f 602//13 406//13 54//13 569//13
f 417//13 412//13 82//13 241//13
f 259//2 218//2 53//2 235//2
f 581//2 143//2 55//2 570//2
f 253//2 153//2 83//2 242//2
f 497//2 496//2 37//2 232//2
f 701//14 676//14 42//14 273//14
f 727//14 684//14 84//14 629//14
f 629//3 84//3 56//3 622//3
f 725//14 679//14 58//14 571//14
f 699//14 685//14 85//14 243//14
f 626//9 1111//9 1114//9 781//9
f 754//3 740//3 86//3 244//3
f 244//3 86//3 46//3 234//3
f 718//15 677//15 44//15 491//15
f 694//15 686//15 87//15 154//15
f 154//4 87//4 60//4 148//4
f 698//15 680//15 62//15 208//15
f 709//16 687//16 88//16 413//16
f 413//4 88//4 61//4 407//4
f 752//4 730//4 63//4 209//4
f 763//4 741//4 89//4 414//4
f 414//4 89//4 48//4 404//4
f 700//17 678//17 45//17 245//17
f 726//17 688//17 90//17 573//17
f 573//5 90//5 64//5 565//5
f 728//17 681//17 66//17 630//17
f 702//17 689//17 91//17 274//17
f 267//1 1131//1 1126//1 65//1
f 782//5 731//5 67//5 631//5
f 756//5 742//5 92//5 275//5
f 275//5 92//5 49//5 264//5
f 481//9 8//9 33//9 492//9
f 146//9 35//9 93//9 155//9
f 748//9 743//9 68//9 149//9
f 203//9 18//9 70//9 210//9
f 403//9 47//9 94//9 415//9
f 764//9 744//9 69//9 408//9
f 207//9 25//9 71//9 211//9
f 408//9 69//9 95//9 416//9
f 867//18 859//18 39//18 401//18
f 588//1 574//1 98//1 214//1
f 290//1 276//1 97//1 213//1
f 640//1 633//1 107//1 159//1
f 284//1 277//1 100//1 157//1
f 254//1 247//1 108//1 160//1
f 582//1 575//1 103//1 158//1
f 260//1 246//1 105//1 215//1
f 646//1 632//1 106//1 216//1
f 161//11 157//11 100//11 140//11
f 638//8 634//8 110//8 130//8
f 282//10 277//10 107//10 136//10
f 198//7 192//7 96//7 139//7
f 1053//7 1046//7 124//7 141//7
f 272//2 48//2 114//2 279//2
f 569//2 54//2 115//2 577//2
f 88//4 120//4 116//4 61//4
f 89//4 121//4 114//4 48//4
f 744//9 745//9 117//9 69//9
f 859//6 860//6 111//6 39//6
f 135//11 102//11 125//11 142//11
f 628//2 81//2 118//2 635//2
f 241//2 82//2 119//2 249//2
f 687//15 692//15 120//15 88//15
f 741//4 746//4 121//4 89//4
f 47//9 113//9 122//9 94//9
f 69//9 117//9 123//9 95//9
f 576//1 578//1 126//1 104//1
f 278//1 280//1 125//1 102//1
f 248//1 250//1 127//1 109//1
f 634//1 636//1 128//1 110//1
f 305//7 141//7 129//7 293//7
f 294//19 324//19 328//19 317//19
f 317//8 281//8 135//8 296//8
f 316//10 252//10 131//10 300//10
f 133//20 321//20 322//20 251//20
f 309//11 219//11 134//11 302//11
f 316//21 337//21 332//21 252//21
f 136//22 329//22 333//22 282//22
f 291//11 161//11 140//11 304//11
f 251//23 322//23 327//23 315//23
f 282//24 333//24 338//24 318//24
f 307//7 198//7 139//7 299//7
f 1054//25 1056//25 225//25 175//25
f 296//11 135//11 142//11 306//11
f 1015//2 994//2 147//2 283//2
f 1021//2 997//2 150//2 639//2
f 1025//4 747//4 151//4 998//4
f 998//4 151//4 147//4 994//4
f 996//9 149//9 152//9 999//9
f 1027//6 861//6 144//6 991//6
f 1019//2 990//2 143//2 581//2
f 1013//2 1000//2 153//2 253//2
f 1024//15 694//15 154//15 1001//15
f 1001//4 154//4 148//4 995//4
f 993//9 146//9 155//9 1002//9
f 1026//9 748//9 149//9 996//9
f 1022//1 640//1 159//1 1006//1
f 1016//1 284//1 157//1 1004//1
f 1014//1 254//1 160//1 1007//1
f 1020//1 582//1 158//1 1005//1
f 1008//11 1004//11 157//11 161//11
f 131//7 99//7 156//7 162//7
f 300//7 131//7 162//7 292//7
f 111//7 175//7 163//7 39//7
f 240//8 255//8 165//8 79//8
f 271//8 285//8 166//8 41//8
f 239//26 256//26 170//26 27//26
f 568//8 583//8 171//8 51//8
f 202//11 221//11 172//11 12//11
f 624//10 641//10 168//10 50//10
f 567//10 584//10 173//10 78//10
f 145//11 177//11 174//11 29//11
f 627//8 642//8 164//8 80//8
f 268//10 286//10 167//10 72//10
f 180//7 199//7 169//7 10//7
f 1035//7 1054//7 175//7 111//7
f 41//11 166//11 176//11 112//11
f 992//11 1010//11 177//11 145//11
f 27//7 170//7 178//7 144//7
f 1009//7 1003//7 192//7 198//7
f 310//27 314//27 230//27 222//27
f 265//2 19//2 183//2 287//2
f 621//2 52//2 186//2 643//2
f 730//4 749//4 187//4 63//4
f 63//4 187//4 183//4 19//4
f 25//9 185//9 188//9 71//9
f 828//6 862//6 180//6 10//6
f 563//2 21//2 179//2 585//2
f 235//2 53//2 189//2 257//2
f 680//15 696//15 190//15 62//15
f 62//4 190//4 184//4 23//4
f 18//9 182//9 191//9 70//9
f 736//9 750//9 185//9 25//9
f 632//1 644//1 195//1 106//1
f 276//1 288//1 193//1 97//1
f 246//1 258//1 196//1 105//1
f 574//1 586//1 194//1 98//1
f 134//11 97//11 193//11 197//11
f 302//11 134//11 197//11 308//11
f 991//7 989//7 199//7 180//7
f 12//11 172//11 200//11 181//11
f 809//2 788//2 204//2 289//2
f 813//2 789//2 205//2 587//2
f 792//4 208//4 206//4 790//4
f 793//4 209//4 204//4 788//4
f 819//9 751//9 207//9 791//9
f 875//6 863//6 201//6 785//6
f 783//11 797//11 213//11 219//11
f 815//2 801//2 217//2 645//2
f 807//2 802//2 218//2 259//2
f 818//15 698//15 208//15 792//15
f 820//4 752//4 209//4 793//4
f 787//9 203//9 210//9 794//9
f 791//9 207//9 211//9 795//9
f 814//1 588//1 214//1 798//1
f 810//1 290//1 213//1 797//1
f 808//1 260//1 215//1 799//1
f 816//1 646//1 216//1 800//1
f 139//7 96//7 212//7 220//7
f 299//7 139//7 220//7 310//7
f 786//11 784//11 221//11 202//11
f 10//7 169//7 222//7 201//7
f 989//25 1011//25 228//25 199//25
f 305//28 312//28 223//28 141//28
f 1009//29 1012//29 224//29 162//29
f 803//29 805//29 229//29 220//29
f 307//30 313//30 227//30 198//30
f 292//31 311//31 226//31 178//31
f 76//5 238//5 232//5 37//5
f 129//8 101//8 248//8 251//8
f 45//2 1124//2 1130//2 245//2
f 137//10 108//10 247//10 252//10
f 739//5 753//5 238//5 76//5
f 479//1 4//1 231//1 493//1
f 401//12 39//12 240//12 399//12
f 403//13 417//13 241//13 47//13
f 203//2 259//2 235//2 18//2
f 146//2 253//2 242//2 35//2
f 481//2 497//2 232//2 8//2
f 675//14 699//14 243//14 40//14
f 40//3 243//3 236//3 11//3
f 732//3 754//3 244//3 28//3
f 28//3 244//3 234//3 5//3
f 688//17 700//17 245//17 90//17
f 156//1 99//1 247//1 254//1
f 212//1 96//1 246//1 260//1
f 47//2 241//2 249//2 113//2
f 101//1 124//1 250//1 248//1
f 293//8 129//8 251//8 315//8
f 580//22 593//22 331//22 138//22
f 993//2 1013//2 253//2 146//2
f 1003//1 156//1 254//1 1014//1
f 39//8 163//8 255//8 240//8
f 78//10 173//10 256//10 239//10
f 18//2 235//2 257//2 182//2
f 96//1 192//1 258//1 246//1
f 787//2 807//2 259//2 203//2
f 796//1 212//1 260//1 808//1
f 487//1 43//1 263//1 494//1
f 495//2 498//2 264//2 49//2
f 74//3 270//3 262//3 34//3
f 217//2 289//2 265//2 52//2
f 130//8 110//8 278//8 281//8
f 150//2 283//2 269//2 73//2
f 737//3 755//3 270//3 74//3
f 410//12 80//12 271//12 400//12
f 411//13 418//13 272//13 81//13
f 684//14 701//14 273//14 84//14
f 677//17 702//17 274//17 44//17
f 274//2 1132//2 1123//2 44//2
f 734//5 756//5 275//5 32//5
f 32//5 275//5 264//5 7//5
f 216//1 106//1 276//1 290//1
f 159//1 107//1 277//1 284//1
f 140//10 100//10 277//10 282//10
f 81//2 272//2 279//2 118//2
f 110//1 128//1 280//1 278//1
f 317//32 328//32 323//32 281//32
f 304//10 140//10 282//10 318//10
f 997//2 1015//2 283//2 150//2
f 1006//1 159//1 284//1 1016//1
f 80//8 164//8 285//8 271//8
f 29//33 174//33 286//33 268//33
f 52//2 265//2 287//2 186//2
f 106//1 195//1 288//1 276//1
f 801//2 809//2 289//2 217//2
f 800//1 216//1 290//1 810//1
f 175//7 305//7 293//7 163//7
f 255//8 315//8 295//8 165//8
f 285//8 317//8 296//8 166//8
f 256//10 316//10 300//10 170//10
f 583//8 589//8 301//8 171//8
f 221//11 309//11 302//11 172//11
f 641//10 647//10 298//10 168//10
f 584//10 590//10 303//10 173//10
f 177//11 291//11 304//11 174//11
f 642//8 648//8 294//8 164//8
f 286//10 318//10 297//10 167//10
f 199//7 307//7 299//7 169//7
f 166//11 296//11 306//11 176//11
f 1010//11 1017//11 291//11 177//11
f 170//7 300//7 292//7 178//7
f 220//27 229//27 314//27 310//27
f 172//11 302//11 308//11 200//11
f 784//11 811//11 309//11 221//11
f 169//7 299//7 310//7 222//7
f 1056//7 1064//7 312//7 225//7
f 1011//7 1018//7 313//7 228//7
f 175//28 225//28 312//28 305//28
f 199//30 228//30 313//30 307//30
f 162//31 224//31 311//31 292//31
f 163//8 293//8 315//8 255//8
f 173//10 303//10 316//10 256//10
f 164//8 294//8 317//8 285//8
f 174//10 304//10 318//10 286//10
f 315//19 327//19 325//19 295//19
f 638//20 649//20 320//20 132//20
f 579//20 591//20 321//20 133//20
f 648//19 650//19 324//19 294//19
f 589//19 592//19 326//19 301//19
f 281//20 323//20 319//20 130//20
f 637//22 651//22 329//22 136//22
f 590//34 594//34 336//34 303//34
f 647//34 652//34 335//34 298//34
f 303//34 336//34 337//34 316//34
f 318//34 338//34 334//34 297//34
f 252//22 332//22 330//22 137//22
f 233//35 355//35 347//35 38//35
f 561//35 595//35 343//35 9//35
f 617//35 653//35 348//35 26//35
f 261//35 357//35 340//35 2//35
f 262//2 6//2 342//2 358//2
f 618//2 34//2 349//2 654//2
f 562//2 17//2 344//2 596//2
f 234//2 46//2 350//2 356//2
f 676//36 703//36 351//36 42//36
f 42//4 351//4 345//4 13//4
f 733//4 757//4 352//4 30//4
f 30//4 352//4 342//4 6//4
f 5//9 341//9 353//9 28//9
f 732//9 758//9 346//9 11//9
f 11//9 346//9 354//9 40//9
f 821//37 864//37 339//37 1//37
f 1//35 339//35 355//35 233//35
f 5//2 234//2 356//2 341//2
f 26//35 348//35 357//35 261//35
f 34//2 262//2 358//2 349//2
f 379//12 359//12 369//12 389//12
f 599//12 597//12 365//12 385//12
f 657//12 655//12 370//12 390//12
f 380//12 360//12 362//12 382//12
f 398//2 384//2 364//2 378//2
f 658//2 391//2 371//2 656//2
f 600//2 386//2 366//2 598//2
f 397//2 392//2 372//2 377//2
f 707//38 705//38 373//38 393//38
f 393//4 373//4 367//4 387//4
f 761//4 759//4 374//4 394//4
f 394//4 374//4 364//4 384//4
f 383//9 363//9 375//9 395//9
f 762//9 760//9 368//9 388//9
f 388//9 368//9 376//9 396//9
f 866//39 865//39 361//39 381//39
f 381//12 361//12 359//12 379//12
f 383//2 397//2 377//2 363//2
f 390//12 370//12 360//12 380//12
f 391//2 398//2 378//2 371//2
f 419//12 379//12 389//12 429//12
f 603//12 599//12 385//12 425//12
f 661//12 657//12 390//12 430//12
f 420//12 380//12 382//12 422//12
f 438//40 424//40 384//40 398//40
f 662//40 431//40 391//40 658//40
f 604//40 426//40 386//40 600//40
f 437//40 432//40 392//40 397//40
f 711//41 707//41 393//41 433//41
f 433//4 393//4 387//4 427//4
f 765//4 761//4 394//4 434//4
f 434//4 394//4 384//4 424//4
f 423//9 383//9 395//9 435//9
f 766//9 762//9 388//9 428//9
f 428//9 388//9 396//9 436//9
f 868//42 866//42 381//42 421//42
f 421//12 381//12 379//12 419//12
f 423//40 437//40 397//40 383//40
f 430//12 390//12 380//12 420//12
f 431//40 438//40 398//40 391//40
f 359//12 399//12 409//12 369//12
f 597//12 601//12 405//12 365//12
f 655//12 659//12 410//12 370//12
f 360//12 400//12 402//12 362//12
f 378//43 364//43 404//43 418//43
f 656//43 371//43 411//43 660//43
f 598//43 366//43 406//43 602//43
f 377//43 372//43 412//43 417//43
f 705//44 709//44 413//44 373//44
f 373//4 413//4 407//4 367//4
f 759//4 763//4 414//4 374//4
f 374//4 414//4 404//4 364//4
f 363//9 403//9 415//9 375//9
f 760//9 764//9 408//9 368//9
f 368//9 408//9 416//9 376//9
f 865//45 867//45 401//45 361//45
f 361//12 401//12 399//12 359//12
f 363//43 377//43 417//43 403//43
f 370//12 410//12 400//12 360//12
f 371//43 378//43 418//43 411//43
f 355//12 419//12 429//12 347//12
f 595//12 603//12 425//12 343//12
f 653//12 661//12 430//12 348//12
f 357//12 420//12 422//12 340//12
f 358//46 342//46 424//46 438//46
f 654//46 349//46 431//46 662//46
f 596//46 344//46 426//46 604//46
f 356//46 350//46 432//46 437//46
f 703//47 711//47 433//47 351//47
f 351//4 433//4 427//4 345//4
f 757//4 765//4 434//4 352//4
f 352//4 434//4 424//4 342//4
f 341//9 423//9 435//9 353//9
f 758//9 766//9 428//9 346//9
f 346//9 428//9 436//9 354//9
f 864//48 868//48 421//48 339//48
f 339//12 421//12 419//12 355//12
f 341//46 356//46 437//46 423//46
f 348//12 430//12 420//12 357//12
f 349//46 358//46 438//46 431//46
f 558//1 457//1 440//1 544//1
f 542//49 546//49 442//49 458//49
f 552//4 449//4 442//4 546//4
f 874//6 869//6 439//6 543//6
f 615//1 605//1 443//1 547//1
f 616//49 550//49 446//49 606//49
f 555//4 453//4 444//4 548//4
f 777//9 767//9 445//9 549//9
f 673//1 663//1 447//1 551//1
f 674//49 539//49 448//49 664//49
f 778//4 768//4 449//4 552//4
f 549//9 445//9 450//9 553//9
f 557//1 455//1 451//1 554//1
f 541//49 540//49 452//49 456//49
f 724//15 714//15 453//15 555//15
f 545//9 441//9 454//9 556//9
f 543//1 439//1 455//1 557//1
f 545//49 541//49 456//49 441//49
f 551//1 447//1 457//1 558//1
f 539//49 542//49 458//49 448//49
f 534//1 474//1 460//1 520//1
f 538//50 522//50 462//50 478//50
f 528//4 468//4 462//4 522//4
f 873//6 870//6 459//6 519//6
f 613//1 607//1 463//1 523//1
f 614//51 526//51 466//51 608//51
f 531//4 471//4 464//4 524//4
f 775//9 769//9 465//9 525//9
f 671//1 665//1 467//1 527//1
f 672//51 535//51 475//51 666//51
f 776//4 770//4 468//4 528//4
f 525//9 465//9 469//9 529//9
f 533//1 473//1 470//1 530//1
f 537//51 536//51 476//51 477//51
f 722//15 716//15 471//15 531//15
f 521//9 461//9 472//9 532//9
f 519//1 459//1 473//1 533//1
f 521//51 537//51 477//51 461//51
f 527//1 467//1 474//1 534//1
f 535//52 538//52 478//52 475//52
f 474//1 494//1 480//1 460//1
f 478//2 462//2 482//2 498//2
f 468//4 488//4 482//4 462//4
f 870//6 871//6 479//6 459//6
f 607//1 609//1 483//1 463//1
f 608//2 466//2 486//2 610//2
f 471//4 491//4 484//4 464//4
f 769//9 771//9 485//9 465//9
f 665//1 667//1 487//1 467//1
f 666//2 475//2 495//2 668//2
f 770//4 772//4 488//4 468//4
f 465//9 485//9 489//9 469//9
f 473//1 493//1 490//1 470//1
f 477//2 476//2 496//2 497//2
f 716//15 718//15 491//15 471//15
f 461//9 481//9 492//9 472//9
f 459//1 479//1 493//1 473//1
f 461//2 477//2 497//2 481//2
f 467//1 487//1 494//1 474//1
f 475//2 478//2 498//2 495//2
f 457//1 514//1 500//1 440//1
f 458//2 442//2 502//2 518//2
f 449//4 508//4 502//4 442//4
f 869//6 872//6 499//6 439//6
f 605//1 611//1 503//1 443//1
f 606//2 446//2 506//2 612//2
f 453//4 511//4 504//4 444//4
f 767//9 773//9 505//9 445//9
f 663//1 669//1 507//1 447//1
f 664//2 448//2 515//2 670//2
f 768//4 774//4 508//4 449//4
f 445//9 505//9 509//9 450//9
f 455//1 513//1 510//1 451//1
f 456//2 452//2 516//2 517//2
f 714//15 720//15 511//15 453//15
f 441//9 501//9 512//9 454//9
f 439//1 499//1 513//1 455//1
f 441//2 456//2 517//2 501//2
f 447//1 507//1 514//1 457//1
f 448//2 458//2 518//2 515//2
f 514//1 534//1 520//1 500//1
f 518//53 502//53 522//53 538//53
f 508//4 528//4 522//4 502//4
f 872//54 873//54 519//54 499//54
f 611//1 613//1 523//1 503//1
f 612//55 506//55 526//55 614//55
f 511//4 531//4 524//4 504//4
f 773//9 775//9 525//9 505//9
f 669//1 671//1 527//1 507//1
f 670//55 515//55 535//55 672//55
f 774//4 776//4 528//4 508//4
f 505//9 525//9 529//9 509//9
f 513//1 533//1 530//1 510//1
f 517//55 516//55 536//55 537//55
f 720//15 722//15 531//15 511//15
f 501//9 521//9 532//9 512//9
f 499//1 519//1 533//1 513//1
f 501//55 517//55 537//55 521//55
f 507//1 527//1 534//1 514//1
f 515//56 518//56 538//56 535//56
f 268//1 558//1 544//1 29//1
f 269//57 36//57 546//57 542//57
f 75//4 552//4 546//4 36//4
f 858//6 874//6 543//6 27//6
f 567//1 615//1 547//1 50//1
f 570//57 55//57 550//57 616//57
f 87//4 555//4 548//4 60//4
f 743//9 777//9 549//9 68//9
f 624//1 673//1 551//1 72//1
f 625//57 73//57 539//57 674//57
f 738//4 778//4 552//4 75//4
f 68//9 549//9 553//9 77//9
f 239//1 557//1 554//1 78//1
f 242//57 83//57 540//57 541//57
f 686//15 724//15 555//15 87//15
f 35//9 545//9 556//9 93//9
f 27//1 543//1 557//1 239//1
f 35//57 242//57 541//57 545//57
f 72//1 551//1 558//1 268//1
f 73//57 269//57 542//57 539//57
f 490//1 31//1 559//1 609//1
f 218//2 587//2 563//2 53//2
f 496//2 610//2 560//2 37//2
f 85//3 571//3 564//3 57//3
f 86//3 572//3 562//3 46//3
f 731//5 779//5 566//5 67//5
f 631//9 1120//9 1119//9 620//9
f 133//8 109//8 576//8 579//8
f 409//12 79//12 568//12 601//12
f 138//10 103//10 575//10 580//10
f 412//13 602//13 569//13 82//13
f 153//2 581//2 570//2 83//2
f 685//14 725//14 571//14 85//14
f 740//3 780//3 572//3 86//3
f 681//17 726//17 573//17 66//17
f 215//1 105//1 574//1 588//1
f 160//1 108//1 575//1 582//1
f 82//2 569//2 577//2 119//2
f 109//1 127//1 578//1 576//1
f 1000//2 1019//2 581//2 153//2
f 1007//1 160//1 582//1 1020//1
f 79//8 165//8 583//8 568//8
f 50//10 168//10 584//10 567//10
f 53//2 563//2 585//2 189//2
f 105//1 196//1 586//1 574//1
f 802//2 813//2 587//2 218//2
f 799//1 215//1 588//1 814//1
f 137//22 330//22 593//22 580//22
f 165//8 295//8 589//8 583//8
f 168//10 298//10 590//10 584//10
f 132//20 320//20 591//20 579//20
f 295//19 325//19 592//19 589//19
f 298//34 335//34 594//34 590//34
f 38//35 347//35 595//35 561//35
f 46//2 562//2 596//2 350//2
f 389//12 369//12 597//12 599//12
f 392//2 600//2 598//2 372//2
f 429//12 389//12 599//12 603//12
f 432//40 604//40 600//40 392//40
f 369//12 409//12 601//12 597//12
f 372//43 598//43 602//43 412//43
f 347//12 429//12 603//12 595//12
f 350//46 596//46 604//46 432//46
f 554//1 451//1 605//1 615//1
f 540//49 616//49 606//49 452//49
f 530//1 470//1 607//1 613//1
f 536//51 614//51 608//51 476//51
f 470//1 490//1 609//1 607//1
f 476//2 608//2 610//2 496//2
f 451//1 510//1 611//1 605//1
f 452//2 606//2 612//2 516//2
f 510//1 530//1 613//1 611//1
f 516//55 612//55 614//55 536//55
f 78//1 554//1 615//1 567//1
f 83//57 570//57 616//57 540//57
f 91//5 630//5 623//5 65//5
f 92//5 631//5 620//5 49//5
f 483//1 14//1 619//1 667//1
f 143//2 639//2 625//2 55//2
f 486//2 668//2 620//2 20//2
f 729//2 1112//2 1113//2 780//2
f 59//3 626//3 618//3 17//3
f 136//10 107//10 633//10 637//10
f 405//12 51//12 627//12 659//12
f 406//13 660//13 628//13 54//13
f 205//2 645//2 621//2 21//2
f 679//14 727//14 629//14 58//14
f 58//3 629//3 622//3 22//3
f 689//17 728//17 630//17 91//17
f 742//5 782//5 631//5 92//5
f 158//1 103//1 633//1 640//1
f 214//1 98//1 632//1 646//1
f 132//8 104//8 634//8 638//8
f 54//2 628//2 635//2 115//2
f 104//1 126//1 636//1 634//1
f 990//2 1021//2 639//2 143//2
f 1005//1 158//1 640//1 1022//1
f 72//10 167//10 641//10 624//10
f 51//8 171//8 642//8 627//8
f 21//2 621//2 643//2 179//2
f 98//1 194//1 644//1 632//1
f 789//2 815//2 645//2 205//2
f 798//1 214//1 646//1 816//1
f 167//10 297//10 647//10 641//10
f 171//8 301//8 648//8 642//8
f 130//20 319//20 649//20 638//20
f 301//19 326//19 650//19 648//19
f 138//22 331//22 651//22 637//22
f 297//34 334//34 652//34 647//34
f 9//35 343//35 653//35 617//35
f 17//2 618//2 654//2 344//2
f 385//12 365//12 655//12 657//12
f 386//2 658//2 656//2 366//2
f 425//12 385//12 657//12 661//12
f 426//40 662//40 658//40 386//40
f 365//12 405//12 659//12 655//12
f 366//43 656//43 660//43 406//43
f 343//12 425//12 661//12 653//12
f 344//46 654//46 662//46 426//46
f 547//1 443//1 663//1 673//1
f 550//49 674//49 664//49 446//49
f 523//1 463//1 665//1 671//1
f 526//51 672//51 666//51 466//51
f 463//1 483//1 667//1 665//1
f 466//2 666//2 668//2 486//2
f 443//1 503//1 669//1 663//1
f 446//2 664//2 670//2 506//2
f 503//1 523//1 671//1 669//1
f 506//55 670//55 672//55 526//55
f 50//1 547//1 673//1 624//1
f 55//57 625//57 674//57 550//57
f 489//6 45//6 678//6 717//6
f 211//6 71//6 682//6 697//6
f 152//6 77//6 683//6 693//6
f 954//14 935//14 676//14 701//14
f 969//14 942//14 684//14 727//14
f 967//14 938//14 679//14 725//14
f 952//14 943//14 685//14 699//14
f 963//15 936//15 677//15 718//15
f 949//15 944//15 686//15 694//15
f 951//15 939//15 680//15 698//15
f 959//58 945//58 687//58 709//58
f 953//17 937//17 678//17 700//17
f 968//17 946//17 688//17 726//17
f 970//17 940//17 681//17 728//17
f 955//17 947//17 689//17 702//17
f 416//59 95//59 690//59 710//59
f 95//6 123//6 691//6 690//6
f 945//15 948//15 692//15 687//15
f 999//6 152//6 693//6 1023//6
f 1031//60 949//60 694//60 1024//60
f 71//6 188//6 695//6 682//6
f 939//15 950//15 696//15 680//15
f 795//6 211//6 697//6 817//6
f 988//15 951//15 698//15 818//15
f 934//14 952//14 699//14 675//14
f 946//17 953//17 700//17 688//17
f 942//14 954//14 701//14 684//14
f 936//17 955//17 702//17 677//17
f 935//61 956//61 703//61 676//61
f 40//62 354//62 704//62 675//62
f 958//63 957//63 705//63 707//63
f 396//64 376//64 706//64 708//64
f 960//65 958//65 707//65 711//65
f 436//66 396//66 708//66 712//66
f 957//67 959//67 709//67 705//67
f 376//68 416//68 710//68 706//68
f 956//69 960//69 711//69 703//69
f 354//70 436//70 712//70 704//70
f 553//6 450//6 713//6 723//6
f 966//15 961//15 714//15 724//15
f 529//6 469//6 715//6 721//6
f 965//15 962//15 716//15 722//15
f 469//6 489//6 717//6 715//6
f 962//15 963//15 718//15 716//15
f 450//6 509//6 719//6 713//6
f 961//15 964//15 720//15 714//15
f 509//6 529//6 721//6 719//6
f 964//15 965//15 722//15 720//15
f 77//6 553//6 723//6 683//6
f 944//60 966//60 724//60 686//60
f 943//14 967//14 725//14 685//14
f 940//17 968//17 726//17 681//17
f 938//14 969//14 727//14 679//14
f 947//17 970//17 728//17 689//17
f 492//9 33//9 735//9 771//9
f 210//9 70//9 736//9 751//9
f 266//3 13//3 733//3 755//3
f 622//3 56//3 737//3 781//3
f 484//4 15//4 734//4 772//4
f 148//4 60//4 738//4 747//4
f 237//5 16//5 735//5 753//5
f 565//5 64//5 739//5 779//5
f 564//3 22//3 729//3 780//3
f 236//3 57//3 740//3 754//3
f 206//4 23//4 730//4 752//4
f 407//4 61//4 741//4 763//4
f 623//5 24//5 731//5 782//5
f 267//5 65//5 742//5 756//5
f 155//9 93//9 743//9 748//9
f 415//9 94//9 744//9 764//9
f 94//9 122//9 745//9 744//9
f 61//4 116//4 746//4 741//4
f 995//4 148//4 747//4 1025//4
f 1002//9 155//9 748//9 1026//9
f 23//4 184//4 749//4 730//4
f 70//9 191//9 750//9 736//9
f 794//9 210//9 751//9 819//9
f 790//4 206//4 752//4 820//4
f 64//5 237//5 753//5 739//5
f 11//3 236//3 754//3 732//3
f 56//3 266//3 755//3 737//3
f 15//5 267//5 756//5 734//5
f 13//4 345//4 757//4 733//4
f 28//9 353//9 758//9 732//9
f 387//4 367//4 759//4 761//4
f 395//9 375//9 760//9 762//9
f 427//4 387//4 761//4 765//4
f 435//9 395//9 762//9 766//9
f 367//4 407//4 763//4 759//4
f 375//9 415//9 764//9 760//9
f 345//4 427//4 765//4 757//4
f 353//9 435//9 766//9 758//9
f 556//9 454//9 767//9 777//9
f 548//4 444//4 768//4 778//4
f 532//9 472//9 769//9 775//9
f 524//4 464//4 770//4 776//4
f 472//9 492//9 771//9 769//9
f 464//4 484//4 772//4 770//4
f 454//9 512//9 773//9 767//9
f 444//4 504//4 774//4 768//4
f 512//9 532//9 775//9 773//9
f 504//4 524//4 776//4 774//4
f 93//9 556//9 777//9 743//9
f 60//4 548//4 778//4 738//4
f 24//5 565//5 779//5 731//5
f 57//3 564//3 780//3 740//3
f 22//3 622//3 781//3 729//3
f 65//5 623//5 782//5 742//5
f 220//7 212//7 796//7 803//7
f 222//25 230//25 806//25 804//25
f 201//7 222//7 804//7 785//7
f 1058//2 1038//2 788//2 809//2
f 1060//2 1039//2 789//2 813//2
f 1042//4 792//4 790//4 1040//4
f 1043//4 793//4 788//4 1038//4
f 1069//9 819//9 791//9 1041//9
f 1071//6 875//6 785//6 1035//6
f 1033//11 1047//11 797//11 783//11
f 1061//2 1051//2 801//2 815//2
f 1057//2 1052//2 802//2 807//2
f 1068//15 818//15 792//15 1042//15
f 1070//4 820//4 793//4 1043//4
f 1037//9 787//9 794//9 1044//9
f 1041//9 791//9 795//9 1045//9
f 1065//1 814//1 798//1 1048//1
f 1063//1 810//1 797//1 1047//1
f 1062//1 808//1 799//1 1049//1
f 1066//1 816//1 800//1 1050//1
f 1036//11 1034//11 784//11 786//11
f 1053//29 1055//29 805//29 803//29
f 1037//2 1057//2 807//2 787//2
f 1046//1 796//1 808//1 1062//1
f 1051//2 1058//2 809//2 801//2
f 1050//1 800//1 810//1 1063//1
f 1034//11 1059//11 811//11 784//11
f 230//7 314//7 812//7 806//7
f 1052//2 1060//2 813//2 802//2
f 1049//1 799//1 814//1 1065//1
f 1039//2 1061//2 815//2 789//2
f 1048//1 798//1 816//1 1066//1
f 1045//6 795//6 817//6 1067//6
f 1075//15 988//15 818//15 1068//15
f 1044//9 794//9 819//9 1069//9
f 1040//4 790//4 820//4 1070//4
f 928//6 881//6 824//6 871//6
f 920//6 885//6 828//6 863//6
f 918//6 915//6 858//6 861//6
f 924//71 916//71 859//71 867//71
f 916//6 917//6 860//6 859//6
f 1030//54 918//54 861//54 1027//54
f 885//6 919//6 862//6 828//6
f 877//6 920//6 863//6 875//6
f 878//72 921//72 864//72 821//72
f 923//73 922//73 865//73 866//73
f 925//74 923//74 866//74 868//74
f 922//75 924//75 867//75 865//75
f 921//76 925//76 868//76 864//76
f 931//54 926//54 869//54 874//54
f 930//6 927//6 870//6 873//6
f 927//6 928//6 871//6 870//6
f 926//6 929//6 872//6 869//6
f 929//6 930//6 873//6 872//6
f 915//6 931//6 874//6 858//6
f 261//14 2//14 822//14 841//14
f 617//14 26//14 829//14 856//14
f 561//14 9//14 825//14 854//14
f 233//14 38//14 830//14 839//14
f 480//15 3//15 823//15 850//15
f 145//15 29//15 831//15 836//15
f 202//15 12//15 826//15 838//15
f 402//77 41//77 832//77 846//77
f 231//17 4//17 824//17 840//17
f 559//17 31//17 833//17 855//17
f 619//17 14//17 827//17 857//17
f 263//17 43//17 834//17 842//17
f 41//15 112//15 835//15 832//15
f 992//60 145//60 836//60 1028//60
f 12//15 181//15 837//15 826//15
f 786//15 202//15 838//15 876//15
f 1//14 233//14 839//14 821//14
f 31//17 231//17 840//17 833//17
f 26//14 261//14 841//14 829//14
f 3//17 263//17 842//17 823//17
f 2//78 340//78 843//78 822//78
f 382//79 362//79 844//79 845//79
f 422//80 382//80 845//80 847//80
f 362//81 402//81 846//81 844//81
f 340//82 422//82 847//82 843//82
f 544//15 440//15 848//15 853//15
f 520//15 460//15 849//15 852//15
f 460//15 480//15 850//15 849//15
f 440//15 500//15 851//15 848//15
f 500//15 520//15 852//15 851//15
f 29//15 544//15 853//15 831//15
f 38//14 561//14 854//14 830//14
f 14//17 559//17 855//17 827//17
f 9//14 617//14 856//14 825//14
f 43//17 619//17 857//17 834//17
f 1074//6 877//6 875//6 1071//6
f 1036//15 786//15 876//15 1072//15
f 841//14 822//14 879//14 898//14
f 856//14 829//14 886//14 913//14
f 854//14 825//14 882//14 911//14
f 839//14 830//14 887//14 896//14
f 850//15 823//15 880//15 907//15
f 836//15 831//15 888//15 893//15
f 838//15 826//15 883//15 895//15
f 846//83 832//83 889//83 903//83
f 840//17 824//17 881//17 897//17
f 855//17 833//17 890//17 912//17
f 857//17 827//17 884//17 914//17
f 842//17 834//17 891//17 899//17
f 832//60 835//60 892//60 889//60
f 1028//15 836//15 893//15 1029//15
f 826//15 837//15 894//15 883//15
f 876//15 838//15 895//15 932//15
f 821//14 839//14 896//14 878//14
f 833//17 840//17 897//17 890//17
f 829//14 841//14 898//14 886//14
f 823//17 842//17 899//17 880//17
f 822//84 843//84 900//84 879//84
f 845//85 844//85 901//85 902//85
f 847//86 845//86 902//86 904//86
f 844//87 846//87 903//87 901//87
f 843//88 847//88 904//88 900//88
f 853//15 848//15 905//15 910//15
f 852//15 849//15 906//15 909//15
f 849//15 850//15 907//15 906//15
f 848//60 851//60 908//60 905//60
f 851//15 852//15 909//15 908//15
f 831//15 853//15 910//15 888//15
f 830//14 854//14 911//14 887//14
f 827//17 855//17 912//17 884//17
f 825//14 856//14 913//14 882//14
f 834//17 857//17 914//17 891//17
f 1072//60 876//60 932//60 1073//60
f 984//6 937//6 881//6 928//6
f 976//6 941//6 885//6 920//6
f 974//54 971//54 915//54 918//54
f 980//89 972//89 916//89 924//89
f 972//6 973//6 917//6 916//6
f 1032//6 974//6 918//6 1030//6
f 941//6 975//6 919//6 885//6
f 933//6 976//6 920//6 877//6
f 934//90 977//90 921//90 878//90
f 979//91 978//91 922//91 923//91
f 981//92 979//92 923//92 925//92
f 978//93 980//93 924//93 922//93
f 977//94 981//94 925//94 921//94
f 987//6 982//6 926//6 931//6
f 986//6 983//6 927//6 930//6
f 983//6 984//6 928//6 927//6
f 982//6 985//6 929//6 926//6
f 985//54 986//54 930//54 929//54
f 971//6 987//6 931//6 915//6
f 1076//6 933//6 877//6 1074//6
f 898//14 879//14 935//14 954//14
f 913//14 886//14 942//14 969//14
f 911//14 882//14 938//14 967//14
f 896//14 887//14 943//14 952//14
f 907//15 880//15 936//15 963//15
f 893//15 888//15 944//15 949//15
f 895//15 883//15 939//15 951//15
f 903//95 889//95 945//95 959//95
f 897//17 881//17 937//17 953//17
f 912//17 890//17 946//17 968//17
f 914//17 884//17 940//17 970//17
f 899//17 891//17 947//17 955//17
f 889//15 892//15 948//15 945//15
f 1029//15 893//15 949//15 1031//15
f 883//15 894//15 950//15 939//15
f 932//60 895//60 951//60 988//60
f 878//14 896//14 952//14 934//14
f 890//17 897//17 953//17 946//17
f 886//14 898//14 954//14 942//14
f 880//17 899//17 955//17 936//17
f 879//96 900//96 956//96 935//96
f 902//97 901//97 957//97 958//97
f 904//98 902//98 958//98 960//98
f 901//99 903//99 959//99 957//99
f 900//100 904//100 960//100 956//100
f 910//15 905//15 961//15 966//15
f 909//15 906//15 962//15 965//15
f 906//15 907//15 963//15 962//15
f 905//15 908//15 964//15 961//15
f 908//60 909//60 965//60 964//60
f 888//15 910//15 966//15 944//15
f 887//14 911//14 967//14 943//14
f 884//17 912//17 968//17 940//17
f 882//14 913//14 969//14 938//14
f 891//17 914//17 970//17 947//17
f 1073//60 932//60 988//60 1075//60
f 717//6 678//6 937//6 984//6
f 697//6 682//6 941//6 976//6
f 693//6 683//6 971//6 974//6
f 710//101 690//101 972//101 980//101
f 690//6 691//6 973//6 972//6
f 1023//6 693//6 974//6 1032//6
f 682//6 695//6 975//6 941//6
f 817//6 697//6 976//6 933//6
f 675//102 704//102 977//102 934//102
f 708//103 706//103 978//103 979//103
f 712//104 708//104 979//104 981//104
f 706//105 710//105 980//105 978//105
f 704//106 712//106 981//106 977//106
f 723//6 713//6 982//6 987//6
f 721//6 715//6 983//6 986//6
f 715//6 717//6 984//6 983//6
f 713//6 719//6 985//6 982//6
f 719//6 721//6 986//6 985//6
f 683//6 723//6 987//6 971//6
f 1067//6 817//6 933//6 1076//6
f 287//2 183//2 994//2 1015//2
f 643//2 186//2 997//2 1021//2
f 749//4 1025//4 998//4 187//4
f 187//4 998//4 994//4 183//4
f 185//9 996//9 999//9 188//9
f 862//6 1027//6 991//6 180//6
f 585//2 179//2 990//2 1019//2
f 257//2 189//2 1000//2 1013//2
f 696//15 1024//15 1001//15 190//15
f 190//4 1001//4 995//4 184//4
f 182//9 993//9 1002//9 191//9
f 750//9 1026//9 996//9 185//9
f 644//1 1022//1 1006//1 195//1
f 288//1 1016//1 1004//1 193//1
f 258//1 1014//1 1007//1 196//1
f 586//1 1020//1 1005//1 194//1
f 197//11 193//11 1004//11 1008//11
f 181//11 200//11 1010//11 992//11
f 162//7 156//7 1003//7 1009//7
f 144//7 178//7 989//7 991//7
f 178//25 226//25 1011//25 989//25
f 198//29 227//29 1012//29 1009//29
f 182//2 257//2 1013//2 993//2
f 192//1 1003//1 1014//1 258//1
f 186//2 287//2 1015//2 997//2
f 195//1 1006//1 1016//1 288//1
f 200//11 308//11 1017//11 1010//11
f 226//7 311//7 1018//7 1011//7
f 189//2 585//2 1019//2 1000//2
f 196//1 1007//1 1020//1 586//1
f 179//2 643//2 1021//2 990//2
f 194//1 1005//1 1022//1 644//1
f 188//6 999//6 1023//6 695//6
f 696//107 1101//107 1105//107 1024//107
f 184//4 995//4 1025//4 749//4
f 191//9 1002//9 1026//9 750//9
f 1027//3 1090//3 1091//3 1030//3
f 181//15 992//15 1028//15 837//15
f 894//107 1103//107 1107//107 1029//107
f 975//54 1032//54 1030//54 919//54
f 894//15 1029//15 1031//15 950//15
f 1032//3 1092//3 1089//3 1023//3
f 803//7 796//7 1046//7 1053//7
f 804//25 806//25 1056//25 1054//25
f 785//7 804//7 1054//7 1035//7
f 806//7 812//7 1064//7 1056//7
f 279//2 114//2 1038//2 1058//2
f 577//2 115//2 1039//2 1060//2
f 120//4 1042//4 1040//4 116//4
f 121//4 1043//4 1038//4 114//4
f 745//9 1069//9 1041//9 117//9
f 860//6 1071//6 1035//6 111//6
f 142//11 125//11 1047//11 1033//11
f 635//2 118//2 1051//2 1061//2
f 249//2 119//2 1052//2 1057//2
f 692//15 1068//15 1042//15 120//15
f 746//4 1070//4 1043//4 121//4
f 113//9 1037//9 1044//9 122//9
f 117//9 1041//9 1045//9 123//9
f 578//1 1065//1 1048//1 126//1
f 280//1 1063//1 1047//1 125//1
f 250//1 1062//1 1049//1 127//1
f 636//1 1066//1 1050//1 128//1
f 112//11 176//11 1034//11 1036//11
f 141//29 223//29 1055//29 1053//29
f 113//2 249//2 1057//2 1037//2
f 124//1 1046//1 1062//1 250//1
f 118//2 279//2 1058//2 1051//2
f 128//1 1050//1 1063//1 280//1
f 176//11 306//11 1059//11 1034//11
f 119//2 577//2 1060//2 1052//2
f 127//1 1049//1 1065//1 578//1
f 115//2 635//2 1061//2 1039//2
f 126//1 1048//1 1066//1 636//1
f 123//6 1045//6 1067//6 691//6
f 1068//3 1097//3 1100//3 1075//3
f 122//9 1044//9 1069//9 745//9
f 116//4 1040//4 1070//4 746//4
f 973//108 1080//108 1084//108 1076//108
f 112//15 1036//15 1072//15 835//15
f 1073//3 1099//3 1098//3 1072//3
f 973//6 1076//6 1074//6 917//6
f 892//15 1073//15 1075//15 948//15
f 917//5 1079//5 1078//5 860//5
f 1079//6 1083//6 1082//6 1078//6
f 1077//6 1081//6 1084//6 1080//6
f 860//108 1078//108 1082//108 1071//108
f 1076//3 1084//3 1081//3 1067//3
f 1071//3 1082//3 1083//3 1074//3
f 1074//109 1083//109 1079//109 917//109
f 691//5 1077//5 1080//5 973//5
f 1067//109 1081//109 1077//109 691//109
f 1087//6 1091//6 1090//6 1086//6
f 1085//6 1089//6 1092//6 1088//6
f 1030//110 1091//110 1087//110 919//110
f 695//5 1085//5 1088//5 975//5
f 1023//109 1089//109 1085//109 695//109
f 975//108 1088//108 1092//108 1032//108
f 862//108 1086//108 1090//108 1027//108
f 919//5 1087//5 1086//5 862//5
f 1096//15 1100//15 1097//15 1093//15
f 1094//15 1098//15 1099//15 1095//15
f 1072//111 1098//111 1094//111 835//111
f 835//5 1094//5 1095//5 892//5
f 1075//111 1100//111 1096//111 948//111
f 948//5 1096//5 1093//5 692//5
f 692//107 1093//107 1097//107 1068//107
f 892//107 1095//107 1099//107 1073//107
f 1104//15 1108//15 1105//15 1101//15
f 1102//15 1106//15 1107//15 1103//15
f 950//5 1104//5 1101//5 696//5
f 1028//111 1106//111 1102//111 837//111
f 1029//3 1107//3 1106//3 1028//3
f 1024//3 1105//3 1108//3 1031//3
f 837//5 1102//5 1103//5 894//5
f 1031//111 1108//111 1104//111 950//111
f 781//2 1114//2 1112//2 729//2
f 780//4 1113//4 1110//4 572//4
f 572//1 1110//1 1109//1 59//1
f 59//1 1109//1 1111//1 626//1
f 560//4 1117//4 1118//4 566//4
f 67//2 1116//2 1120//2 631//2
f 620//1 1119//1 1115//1 20//1
f 20//1 1115//1 1117//1 560//1
f 16//4 1122//4 1124//4 45//4
f 90//9 1127//9 1125//9 64//9
f 44//9 1123//9 1121//9 15//9
f 15//1 1121//1 1131//1 267//1
f 245//2 1130//2 1127//2 90//2
f 65//4 1126//4 1128//4 91//4
f 237//1 1129//1 1122//1 16//1
f 91//2 1128//2 1132//2 274//2
usemtl ОКНО
f 1017//11 1008//11 161//11 291//11
f 811//11 783//11 219//11 309//11
f 1064//7 1055//7 223//7 312//7
f 1018//7 1012//7 227//7 313//7
f 327//8 322//8 321//8 325//8
f 592//8 591//8 320//8 326//8
f 650//8 649//8 319//8 324//8
f 324//8 319//8 323//8 328//8
f 652//10 651//10 331//10 335//10
f 594//10 593//10 330//10 336//10
f 338//10 333//10 329//10 334//10
f 336//10 330//10 332//10 337//10
f 325//8 321//8 591//8 592//8
f 335//10 331//10 593//10 594//10
f 326//8 320//8 649//8 650//8
f 334//10 329//10 651//10 652//10
f 1059//11 1033//11 783//11 811//11
f 314//7 229//7 805//7 812//7
f 308//11 197//11 1008//11 1017//11
f 311//7 224//7 1012//7 1018//7
f 812//7 805//7 1055//7 1064//7
f 306//11 142//11 1033//11 1059//11
usemtl Material.007
f 243//3 85//3 57//3 236//3
f 84//3 273//3 266//3 56//3
f 1130//5 1124//5 1122//5 1129//5
f 1123//5 1132//5 1131//5 1121//5
usemtl Material.008
f 1113//3 1112//3 1109//3 1110//3
f 1112//3 1114//3 1111//3 1109//3
f 1120//5 1116//5 1115//5 1119//5
f 1116//5 1118//5 1117//5 1115//5
f 1132//5 1128//5 1126//5 1131//5
f 1127//5 1130//5 1129//5 1125//5
usemtl Material.009
f 630//5 66//5 24//5 623//5
f 66//5 573//5 565//5 24//5
o Cylinder.001
v -1.281402 0.397756 -1.306430
v -1.281402 0.397756 -1.166199
v -1.249569 0.394620 -1.306430
v -1.249569 0.394620 -1.166199
v -1.218959 0.385335 -1.306430
v -1.218959 0.385335 -1.166199
v -1.190749 0.370256 -1.306430
v -1.190749 0.370256 -1.166199
v -1.166022 0.349964 -1.306430
v -1.166022 0.349964 -1.166199
v -1.145730 0.325237 -1.306430
v -1.145730 0.325237 -1.166199
v -1.130651 0.297027 -1.306430
v -1.130651 0.297027 -1.166199
v -1.121366 0.266417 -1.306430
v -1.121366 0.266417 -1.166199
v -1.118230 0.234584 -1.306430
v -1.118230 0.234583 -1.166199
v -1.121366 0.202750 -1.306430
v -1.121366 0.202750 -1.166199
v -1.130651 0.172140 -1.306430
v -1.130651 0.172140 -1.166199
v -1.145730 0.143930 -1.306430
v -1.145730 0.143930 -1.166199
v -1.166022 0.119203 -1.306430
v -1.166022 0.119203 -1.166199
v -1.190749 0.098911 -1.306430
v -1.190749 0.098911 -1.166199
v -1.218959 0.083832 -1.306430
v -1.218959 0.083832 -1.166199
v -1.249569 0.074547 -1.306430
v -1.249569 0.074547 -1.166199
v -1.281402 0.071411 -1.306430
v -1.281402 0.071411 -1.166199
v -1.313236 0.074547 -1.306430
v -1.313236 0.074547 -1.166199
v -1.343846 0.083832 -1.306430
v -1.343846 0.083832 -1.166199
v -1.372056 0.098911 -1.306430
v -1.372056 0.098911 -1.166199
v -1.396783 0.119204 -1.306430
v -1.396783 0.119203 -1.166199
v -1.417075 0.143930 -1.306430
v -1.417075 0.143930 -1.166199
v -1.432154 0.172140 -1.306430
v -1.432154 0.172140 -1.166199
v -1.441439 0.202750 -1.306430
v -1.441439 0.202750 -1.166199
v -1.444574 0.234584 -1.306430
v -1.444574 0.234584 -1.166199
v -1.441439 0.266417 -1.306430
v -1.441439 0.266417 -1.166199
v -1.432154 0.297027 -1.306430
v -1.432154 0.297027 -1.166199
v -1.417075 0.325237 -1.306430
v -1.417075 0.325237 -1.166199
v -1.396782 0.349964 -1.306430
v -1.396782 0.349964 -1.166199
v -1.372056 0.370256 -1.306430
v -1.372056 0.370256 -1.166199
v -1.343845 0.385335 -1.306430
v -1.343845 0.385335 -1.166199
v -1.313235 0.394620 -1.306430
v -1.313235 0.394620 -1.166199
v -1.281402 0.424490 -1.337339
v -1.281402 0.424490 -1.174133
v -1.244354 0.420841 -1.337339
v -1.244354 0.420841 -1.174133
v -1.208728 0.410034 -1.337339
v -1.208728 0.410034 -1.174133
v -1.175896 0.392485 -1.337339
v -1.175896 0.392485 -1.174133
v -1.147118 0.368868 -1.337339
v -1.147118 0.368867 -1.174133
v -1.123501 0.340090 -1.337340
v -1.123501 0.340090 -1.174133
v -1.105952 0.307258 -1.337340
v -1.105952 0.307257 -1.174133
v -1.095145 0.271632 -1.337340
v -1.095145 0.271632 -1.174133
v -1.091496 0.234584 -1.337340
v -1.091496 0.234583 -1.174133
v -1.095145 0.197535 -1.337340
v -1.095145 0.197535 -1.174133
v -1.105952 0.161910 -1.337340
v -1.105952 0.161910 -1.174133
v -1.123501 0.129077 -1.337340
v -1.123501 0.129077 -1.174133
v -1.147118 0.100300 -1.337340
v -1.147118 0.100299 -1.174133
v -1.175896 0.076682 -1.337340
v -1.175896 0.076682 -1.174133
v -1.208728 0.059133 -1.337340
v -1.208728 0.059133 -1.174133
v -1.244354 0.048326 -1.337340
v -1.244354 0.048326 -1.174133
v -1.281402 0.044677 -1.337340
v -1.281402 0.044677 -1.174133
v -1.318451 0.048326 -1.337340
v -1.318451 0.048326 -1.174133
v -1.354076 0.059133 -1.337340
v -1.354076 0.059133 -1.174133
v -1.386909 0.076682 -1.337340
v -1.386909 0.076682 -1.174133
v -1.415686 0.100300 -1.337340
v -1.415686 0.100300 -1.174133
v -1.439304 0.129077 -1.337340
v -1.439304 0.129077 -1.174133
v -1.456853 0.161910 -1.337340
v -1.456853 0.161910 -1.174133
v -1.467660 0.197535 -1.337340
v -1.467660 0.197535 -1.174133
v -1.471309 0.234584 -1.337340
v -1.471309 0.234584 -1.174133
v -1.467659 0.271633 -1.337340
v -1.467659 0.271632 -1.174133
v -1.456853 0.307258 -1.337340
v -1.456853 0.307258 -1.174133
v -1.439304 0.340090 -1.337340
v -1.439304 0.340090 -1.174133
v -1.415686 0.368868 -1.337339
v -1.415686 0.368868 -1.174133
v -1.386908 0.392485 -1.337339
v -1.386908 0.392485 -1.174133
v -1.354076 0.410034 -1.337339
v -1.354076 0.410034 -1.174133
v -1.318451 0.420841 -1.337339
v -1.318451 0.420841 -1.174133
v -1.281402 0.492749 -1.338142
v -1.281402 0.492749 -1.173330
v -1.231037 0.487788 -1.338142
v -1.231037 0.487788 -1.173330
v -1.182607 0.473097 -1.338142
v -1.182607 0.473097 -1.173330
v -1.137973 0.449240 -1.338142
v -1.137973 0.449240 -1.173330
v -1.098852 0.417134 -1.338142
v -1.098852 0.417134 -1.173330
v -1.066746 0.378012 -1.338143
v -1.066746 0.378012 -1.173330
v -1.042889 0.333379 -1.338143
v -1.042889 0.333379 -1.173330
v -1.028198 0.284949 -1.338143
v -1.028198 0.284949 -1.173330
v -1.023237 0.234584 -1.338143
v -1.023237 0.234583 -1.173330
v -1.028198 0.184218 -1.338143
v -1.028198 0.184218 -1.173330
v -1.042889 0.135788 -1.338143
v -1.042889 0.135788 -1.173330
v -1.066746 0.091155 -1.338143
v -1.066746 0.091155 -1.173330
v -1.098852 0.052033 -1.338143
v -1.098852 0.052033 -1.173330
v -1.137974 0.019927 -1.338143
v -1.137974 0.019927 -1.173330
v -1.182607 -0.003930 -1.338143
v -1.182607 -0.003930 -1.173330
v -1.231037 -0.018621 -1.338143
v -1.231037 -0.018621 -1.173330
v -1.281402 -0.023582 -1.338143
v -1.281402 -0.023582 -1.173330
v -1.331768 -0.018621 -1.338143
v -1.331768 -0.018621 -1.173330
v -1.380198 -0.003930 -1.338143
v -1.380198 -0.003930 -1.173330
v -1.424831 0.019927 -1.338143
v -1.424831 0.019927 -1.173330
v -1.463953 0.052033 -1.338143
v -1.463953 0.052033 -1.173330
v -1.496059 0.091155 -1.338143
v -1.496059 0.091155 -1.173330
v -1.519916 0.135788 -1.338143
v -1.519916 0.135788 -1.173330
v -1.534607 0.184218 -1.338143
v -1.534607 0.184218 -1.173330
v -1.539567 0.234584 -1.338143
v -1.539567 0.234584 -1.173330
v -1.534607 0.284949 -1.338143
v -1.534607 0.284949 -1.173330
v -1.519916 0.333379 -1.338143
v -1.519916 0.333379 -1.173330
v -1.496059 0.378013 -1.338143
v -1.496059 0.378013 -1.173330
v -1.463953 0.417134 -1.338142
v -1.463953 0.417134 -1.173330
v -1.424831 0.449240 -1.338142
v -1.424831 0.449240 -1.173330
v -1.380198 0.473097 -1.338142
v -1.380198 0.473097 -1.173330
v -1.331768 0.487788 -1.338142
v -1.331768 0.487788 -1.173330
vn 0.7253 0.2200 -0.6524
vn 0.0830 -0.2735 0.9583
vn 0.1813 -0.2209 0.9583
vn 0.5859 0.4808 -0.6524
vn -0.6684 -0.3573 -0.6524
vn -0.1347 -0.2520 0.9583
vn -0.4808 -0.5859 -0.6524
vn 0.6684 -0.3573 -0.6524
vn -0.0280 -0.2844 0.9583
vn 0.7543 -0.0743 -0.6524
vn 0.1813 0.2209 0.9583
vn -0.7253 0.2200 -0.6524
vn 0.0830 0.2735 0.9583
vn -0.2735 -0.0830 0.9583
vn -0.7543 -0.0743 -0.6524
vn 0.2200 -0.7253 -0.6524
vn -0.2209 -0.1813 0.9583
vn 0.4808 -0.5859 -0.6524
vn 0.2844 0.0280 0.9583
vn -0.0743 -0.7543 -0.6524
vn -0.3573 0.6684 -0.6524
vn 0.2520 0.1347 0.9583
vn -0.5859 0.4808 -0.6524
vn -0.2520 0.1347 0.9583
vn -0.2844 0.0280 0.9583
vn 0.2209 -0.1813 0.9583
vn 0.2200 0.7253 -0.6524
vn 0.2735 -0.0830 0.9583
vn -0.0743 0.7543 -0.6524
vn -0.0830 0.2735 0.9583
vn -0.0000 -0.0000 1.0000
vn -0.3573 -0.6684 -0.6524
vn -0.1813 0.2209 0.9583
vn -0.0000 -0.0000 -1.0000
vn 0.0118 -0.0012 -0.9999
vn 0.0012 0.0118 0.9999
vn -0.0075 -0.0091 0.9999
vn -0.0034 -0.0113 0.9999
vn -0.0113 0.0034 -0.9999
vn 0.0113 0.0034 0.9999
vn -0.0118 -0.0012 -0.9999
vn 0.0034 -0.0113 -0.9999
vn 0.0091 0.0075 0.9999
vn 0.0075 -0.0091 -0.9999
vn -0.0012 -0.0118 -0.9999
vn -0.0118 -0.0012 0.9999
vn -0.0104 -0.0056 0.9999
vn -0.0056 0.0104 -0.9999
vn -0.0091 0.0075 -0.9999
vn 0.0104 -0.0056 0.9999
vn 0.0118 -0.0012 0.9999
vn -0.0091 0.0075 0.9999
vn -0.0113 0.0034 0.9999
vn 0.0034 0.0113 -0.9999
vn -0.0012 0.0118 -0.9999
vn 0.0034 -0.0113 0.9999
vn -0.0056 -0.0104 -0.9999
vn 0.0075 -0.0091 0.9999
vn -0.0012 0.0118 0.9999
vn -0.0012 -0.0118 0.9999
vn -0.0056 0.0104 0.9999
vn 0.0104 0.0056 -0.9999
vn 0.0075 0.0091 -0.9999
vn -0.0113 -0.0034 -0.9999
vn 0.0075 0.0091 0.9999
vn -0.0091 -0.0075 -0.9999
vn -0.2200 -0.7253 -0.6524
vn -0.1347 0.2520 0.9583
vn -0.0280 0.2844 0.9583
vn 0.0743 0.7543 -0.6524
vn 0.2844 -0.0280 0.9583
vn 0.2520 -0.1347 0.9583
vn 0.3573 0.6684 -0.6524
vn 0.0743 -0.7543 -0.6524
vn -0.2735 0.0830 0.9583
vn -0.2209 0.1813 0.9583
vn -0.4808 0.5859 -0.6524
vn 0.2209 0.1813 0.9583
vn 0.2735 0.0830 0.9583
vn -0.2200 0.7253 -0.6524
vn 0.5859 -0.4808 -0.6524
vn 0.3573 -0.6684 -0.6524
vn -0.2520 -0.1347 0.9583
vn -0.7543 0.0743 -0.6524
vn -0.2844 -0.0280 0.9583
vn 0.1347 0.2520 0.9583
vn -0.6684 0.3573 -0.6524
vn 0.7543 0.0743 -0.6524
vn 0.7253 -0.2200 -0.6524
vn -0.0830 -0.2735 0.9583
vn -0.5859 -0.4808 -0.6524
vn -0.1813 -0.2209 0.9583
vn -0.7253 -0.2200 -0.6524
vn 0.4808 0.5859 -0.6524
vn 0.6684 0.3573 -0.6524
vn 0.1347 -0.2520 0.9583
vn 0.0280 -0.2844 0.9583
vn 0.0280 0.2844 0.9583
vn 0.0980 0.9952 -0.0000
vn 0.2903 0.9569 -0.0000
vn 0.4714 0.8819 -0.0000
vn 0.6344 0.7730 -0.0000
vn 0.7730 0.6344 -0.0000
vn 0.8819 0.4714 -0.0000
vn 0.9569 0.2903 -0.0000
vn 0.9952 0.0980 -0.0000
vn 0.9952 -0.0980 -0.0000
vn 0.9569 -0.2903 -0.0000
vn 0.8819 -0.4714 -0.0000
vn 0.7730 -0.6344 -0.0000
vn 0.6344 -0.7730 -0.0000
vn 0.4714 -0.8819 -0.0000
vn 0.2903 -0.9569 -0.0000
vn 0.0980 -0.9952 -0.0000
vn -0.0980 -0.9952 -0.0000
vn -0.2903 -0.9569 -0.0000
vn -0.4714 -0.8819 -0.0000
vn -0.6344 -0.7730 -0.0000
vn -0.7730 -0.6344 -0.0000
vn -0.8819 -0.4714 -0.0000
vn -0.9569 -0.2903 -0.0000
vn -0.9952 -0.0980 -0.0000
vn -0.9952 0.0980 -0.0000
vn -0.9569 0.2903 -0.0000
vn -0.8819 0.4714 -0.0000
vn -0.7730 0.6344 -0.0000
vn -0.6344 0.7730 -0.0000
vn -0.4714 0.8819 -0.0000
vn -0.0980 0.9952 -0.0000
vn -0.2903 0.9569 -0.0000
vn 0.0104 -0.0056 -0.9999
vn -0.0075 -0.0091 -0.9999
vn 0.0056 0.0104 0.9999
vn -0.0104 -0.0056 -0.9999
vn -0.0075 0.0091 0.9999
vn 0.0091 0.0075 -0.9999
vn 0.0113 0.0034 -0.9999
vn -0.0034 0.0113 0.9999
vn -0.0034 -0.0113 -0.9999
vn 0.0056 -0.0104 0.9999
vn 0.0012 -0.0118 0.9999
vn -0.0118 0.0012 0.9999
vn 0.0012 0.0118 -0.9999
vn 0.0056 0.0104 -0.9999
vn -0.0104 0.0056 0.9999
vn 0.0012 -0.0118 -0.9999
vn 0.0113 -0.0034 0.9999
vn 0.0091 -0.0075 0.9999
vn -0.0091 -0.0075 0.9999
vn -0.0075 0.0091 -0.9999
vn -0.0034 0.0113 -0.9999
vn -0.0113 -0.0034 0.9999
vn 0.0091 -0.0075 -0.9999
vn 0.0056 -0.0104 -0.9999
vn 0.0104 0.0056 0.9999
vn -0.0118 0.0012 -0.9999
vn 0.0118 0.0012 0.9999
vn -0.0104 0.0056 -0.9999
vn -0.0056 -0.0104 0.9999
vn 0.0118 0.0012 -0.9999
vn 0.0034 0.0113 0.9999
vn 0.0113 -0.0034 -0.9999
s 0
usemtl Material.001
f 1179//112 1177//112 1241//112 1243//112
f 1162//113 1164//113 1228//113 1226//113
f 1158//114 1160//114 1224//114 1222//114
f 1175//115 1173//115 1237//115 1239//115
f 1145//116 1143//116 1207//116 1209//116
f 1170//117 1172//117 1236//117 1234//117
f 1141//118 1139//118 1203//118 1205//118
f 1187//119 1185//119 1249//119 1251//119
f 1166//120 1168//120 1232//120 1230//120
f 1183//121 1181//121 1245//121 1247//121
f 1140//122 1142//122 1206//122 1204//122
f 1153//123 1151//123 1215//123 1217//123
f 1136//124 1138//124 1202//124 1200//124
f 1178//125 1180//125 1244//125 1242//125
f 1149//126 1147//126 1211//126 1213//126
f 1195//127 1193//127 1257//127 1259//127
f 1174//128 1176//128 1240//128 1238//128
f 1191//129 1189//129 1253//129 1255//129
f 1148//130 1150//130 1214//130 1212//130
f 1135//131 1133//131 1197//131 1199//131
f 1161//132 1159//132 1223//132 1225//132
f 1144//133 1146//133 1210//133 1208//133
f 1157//134 1155//134 1219//134 1221//134
f 1186//135 1188//135 1252//135 1250//135
f 1182//136 1184//136 1248//136 1246//136
f 1156//137 1158//137 1222//137 1220//137
f 1169//138 1167//138 1231//138 1233//138
f 1152//139 1154//139 1218//139 1216//139
f 1165//140 1163//140 1227//140 1229//140
f 1194//141 1196//141 1260//141 1258//141
f 1136//142 1134//142 1196//142 1194//142 1192//142 1190//142 1188//142 1186//142 1184//142 1182//142 1180//142 1178//142 1176//142 1174//142 1172//142 1170//142 1168//142 1166//142 1164//142 1162//142 1160//142 1158//142 1156//142 1154//142 1152//142 1150//142 1148//142 1146//142 1144//142 1142//142 1140//142 1138//142
f 1139//143 1137//143 1201//143 1203//143
f 1190//144 1192//144 1256//144 1254//144
f 1247//146 1245//146 1309//146 1311//146
f 1230//147 1232//147 1296//147 1294//147
f 1204//148 1206//148 1270//148 1268//148
f 1200//149 1202//149 1266//149 1264//149
f 1217//150 1215//150 1279//150 1281//150
f 1242//151 1244//151 1308//151 1306//151
f 1213//152 1211//152 1275//152 1277//152
f 1259//153 1257//153 1321//153 1323//153
f 1238//154 1240//154 1304//154 1302//154
f 1255//155 1253//155 1317//155 1319//155
f 1199//156 1197//156 1261//156 1263//156
f 1212//157 1214//157 1278//157 1276//157
f 1208//158 1210//158 1274//158 1272//158
f 1225//159 1223//159 1287//159 1289//159
f 1221//160 1219//160 1283//160 1285//160
f 1250//161 1252//161 1316//161 1314//161
f 1246//162 1248//162 1312//162 1310//162
f 1220//163 1222//163 1286//163 1284//163
f 1216//164 1218//164 1282//164 1280//164
f 1233//165 1231//165 1295//165 1297//165
f 1229//166 1227//166 1291//166 1293//166
f 1258//167 1260//167 1324//167 1322//167
f 1203//168 1201//168 1265//168 1267//168
f 1254//169 1256//169 1320//169 1318//169
f 1228//170 1230//170 1294//170 1292//170
f 1198//171 1200//171 1264//171 1262//171
f 1224//172 1226//172 1290//172 1288//172
f 1241//173 1239//173 1303//173 1305//173
f 1237//174 1235//174 1299//174 1301//174
f 1211//175 1209//175 1273//175 1275//175
f 1236//176 1238//176 1302//176 1300//176
f 1207//177 1205//177 1269//177 1271//177
f 1137//178 1135//178 1199//178 1201//178
f 1192//179 1194//179 1258//179 1256//179
f 1196//180 1134//180 1198//180 1260//180
f 1167//181 1165//181 1229//181 1231//181
f 1150//182 1152//182 1216//182 1214//182
f 1154//183 1156//183 1220//183 1218//183
f 1171//184 1169//184 1233//184 1235//184
f 1133//185 1195//185 1259//185 1197//185
f 1184//186 1186//186 1250//186 1248//186
f 1188//187 1190//187 1254//187 1252//187
f 1159//188 1157//188 1221//188 1223//188
f 1142//189 1144//189 1208//189 1206//189
f 1146//190 1148//190 1212//190 1210//190
f 1163//191 1161//191 1225//191 1227//191
f 1189//192 1187//192 1251//192 1253//192
f 1193//193 1191//193 1255//193 1257//193
f 1176//194 1178//194 1242//194 1240//194
f 1151//195 1149//195 1213//195 1215//195
f 1180//196 1182//196 1246//196 1244//196
f 1138//197 1140//197 1204//197 1202//197
f 1155//198 1153//198 1217//198 1219//198
f 1181//199 1179//199 1243//199 1245//199
f 1185//200 1183//200 1247//200 1249//200
f 1168//201 1170//201 1234//201 1232//201
f 1143//202 1141//202 1205//202 1207//202
f 1172//203 1174//203 1238//203 1236//203
f 1147//204 1145//204 1209//204 1211//204
f 1173//205 1171//205 1235//205 1237//205
f 1177//206 1175//206 1239//206 1241//206
f 1160//207 1162//207 1226//207 1224//207
f 1164//208 1166//208 1230//208 1228//208
f 1134//209 1136//209 1200//209 1198//209
f 1261//210 1262//210 1264//210 1263//210
f 1263//211 1264//211 1266//211 1265//211
f 1265//212 1266//212 1268//212 1267//212
f 1267//213 1268//213 1270//213 1269//213
f 1269//214 1270//214 1272//214 1271//214
f 1271//215 1272//215 1274//215 1273//215
f 1273//216 1274//216 1276//216 1275//216
f 1275//217 1276//217 1278//217 1277//217
f 1277//218 1278//218 1280//218 1279//218
f 1279//219 1280//219 1282//219 1281//219
f 1281//220 1282//220 1284//220 1283//220
f 1283//221 1284//221 1286//221 1285//221
f 1285//222 1286//222 1288//222 1287//222
f 1287//223 1288//223 1290//223 1289//223
f 1289//224 1290//224 1292//224 1291//224
f 1291//225 1292//225 1294//225 1293//225
f 1293//226 1294//226 1296//226 1295//226
f 1295//227 1296//227 1298//227 1297//227
f 1297//228 1298//228 1300//228 1299//228
f 1299//229 1300//229 1302//229 1301//229
f 1301//230 1302//230 1304//230 1303//230
f 1303//231 1304//231 1306//231 1305//231
f 1305//232 1306//232 1308//232 1307//232
f 1307//233 1308//233 1310//233 1309//233
f 1309//234 1310//234 1312//234 1311//234
f 1311//235 1312//235 1314//235 1313//235
f 1313//236 1314//236 1316//236 1315//236
f 1315//237 1316//237 1318//237 1317//237
f 1317//238 1318//238 1320//238 1319//238
f 1319//239 1320//239 1322//239 1321//239
f 1323//240 1324//240 1262//240 1261//240
f 1321//241 1322//241 1324//241 1323//241
f 1251//242 1249//242 1313//242 1315//242
f 1205//243 1203//243 1267//243 1269//243
f 1234//244 1236//244 1300//244 1298//244
f 1209//245 1207//245 1271//245 1273//245
f 1222//246 1224//246 1288//246 1286//246
f 1239//247 1237//247 1301//247 1303//247
f 1243//248 1241//248 1305//248 1307//248
f 1226//249 1228//249 1292//249 1290//249
f 1201//250 1199//250 1263//250 1265//250
f 1256//251 1258//251 1322//251 1320//251
f 1260//252 1198//252 1262//252 1324//252
f 1214//253 1216//253 1280//253 1278//253
f 1231//254 1229//254 1293//254 1295//254
f 1235//255 1233//255 1297//255 1299//255
f 1218//256 1220//256 1284//256 1282//256
f 1197//257 1259//257 1323//257 1261//257
f 1248//258 1250//258 1314//258 1312//258
f 1252//259 1254//259 1318//259 1316//259
f 1206//260 1208//260 1272//260 1270//260
f 1223//261 1221//261 1285//261 1287//261
f 1227//262 1225//262 1289//262 1291//262
f 1210//263 1212//263 1276//263 1274//263
f 1253//264 1251//264 1315//264 1317//264
f 1257//265 1255//265 1319//265 1321//265
f 1240//266 1242//266 1306//266 1304//266
f 1215//267 1213//267 1277//267 1279//267
f 1244//268 1246//268 1310//268 1308//268
f 1219//269 1217//269 1281//269 1283//269
f 1202//270 1204//270 1268//270 1266//270
f 1245//271 1243//271 1307//271 1309//271
f 1232//272 1234//272 1298//272 1296//272
f 1249//273 1247//273 1311//273 1313//273
usemtl ДИСК
f 1133//145 1135//145 1137//145 1139//145 1141//145 1143//145 1145//145 1147//145 1149//145 1151//145 1153//145 1155//145 1157//145 1159//145 1161//145 1163//145 1165//145 1167//145 1169//145 1171//145 1173//145 1175//145 1177//145 1179//145 1181//145 1183//145 1185//145 1187//145 1189//145 1191//145 1193//145 1195//145
o Cylinder.002
v 1.503413 0.397756 0.605504
v 1.503413 0.397756 0.683692
v 1.535247 0.394620 0.605504
v 1.535247 0.394620 0.683692
v 1.565857 0.385335 0.605504
v 1.565857 0.385335 0.683692
v 1.594067 0.370256 0.605504
v 1.594067 0.370256 0.683692
v 1.618793 0.349964 0.605504
v 1.618793 0.349964 0.683692
v 1.639086 0.325237 0.605503
v 1.639086 0.325237 0.683692
v 1.654165 0.297027 0.605503
v 1.654165 0.297027 0.683692
v 1.663450 0.266417 0.605503
v 1.663450 0.266417 0.683692
v 1.666585 0.234584 0.605503
v 1.666585 0.234583 0.683692
v 1.663450 0.202750 0.605503
v 1.663450 0.202750 0.683691
v 1.654165 0.172140 0.605503
v 1.654165 0.172140 0.683691
v 1.639086 0.143930 0.605503
v 1.639086 0.143930 0.683691
v 1.618793 0.119203 0.605503
v 1.618793 0.119203 0.683691
v 1.594067 0.098911 0.605503
v 1.594067 0.098911 0.683691
v 1.565857 0.083832 0.605503
v 1.565857 0.083832 0.683691
v 1.535247 0.074547 0.605503
v 1.535247 0.074547 0.683691
v 1.503413 0.071411 0.605503
v 1.503413 0.071411 0.683691
v 1.471580 0.074547 0.605503
v 1.471580 0.074547 0.683691
v 1.440970 0.083832 0.605503
v 1.440970 0.083832 0.683691
v 1.412760 0.098911 0.605503
v 1.412760 0.098911 0.683691
v 1.388033 0.119204 0.605503
v 1.388033 0.119203 0.683691
v 1.367741 0.143930 0.605503
v 1.367741 0.143930 0.683691
v 1.352662 0.172140 0.605503
v 1.352662 0.172140 0.683691
v 1.343377 0.202750 0.605503
v 1.343377 0.202750 0.683691
v 1.340241 0.234584 0.605503
v 1.340241 0.234584 0.683692
v 1.343377 0.266417 0.605503
v 1.343377 0.266417 0.683692
v 1.352662 0.297027 0.605503
v 1.352662 0.297027 0.683692
v 1.367741 0.325237 0.605503
v 1.367741 0.325237 0.683692
v 1.388034 0.349964 0.605504
v 1.388034 0.349964 0.683692
v 1.412760 0.370256 0.605504
v 1.412760 0.370256 0.683692
v 1.440970 0.385335 0.605504
v 1.440970 0.385335 0.683692
v 1.471580 0.394620 0.605504
v 1.471580 0.394620 0.683692
v 1.503413 0.424490 0.574594
v 1.503413 0.424490 0.737801
v 1.540462 0.420841 0.574594
v 1.540462 0.420841 0.737801
v 1.576087 0.410034 0.574594
v 1.576087 0.410034 0.737801
v 1.608920 0.392485 0.574594
v 1.608920 0.392485 0.737801
v 1.637697 0.368868 0.574594
v 1.637697 0.368867 0.737801
v 1.661315 0.340090 0.574594
v 1.661315 0.340090 0.737801
v 1.678864 0.307258 0.574594
v 1.678864 0.307257 0.737801
v 1.689671 0.271632 0.574594
v 1.689671 0.271632 0.737801
v 1.693320 0.234584 0.574594
v 1.693320 0.234583 0.737801
v 1.689671 0.197535 0.574594
v 1.689671 0.197535 0.737801
v 1.678864 0.161910 0.574594
v 1.678864 0.161910 0.737801
v 1.661315 0.129077 0.574594
v 1.661315 0.129077 0.737801
v 1.637697 0.100300 0.574594
v 1.637697 0.100299 0.737801
v 1.608920 0.076682 0.574594
v 1.608920 0.076682 0.737801
v 1.576087 0.059133 0.574594
v 1.576087 0.059133 0.737801
v 1.540462 0.048326 0.574594
v 1.540462 0.048326 0.737801
v 1.503413 0.044677 0.574594
v 1.503413 0.044677 0.737801
v 1.466365 0.048326 0.574594
v 1.466365 0.048326 0.737801
v 1.430739 0.059133 0.574594
v 1.430739 0.059133 0.737801
v 1.397907 0.076682 0.574594
v 1.397907 0.076682 0.737801
v 1.369129 0.100300 0.574594
v 1.369129 0.100300 0.737801
v 1.345512 0.129077 0.574594
v 1.345512 0.129077 0.737801
v 1.327963 0.161910 0.574594
v 1.327963 0.161910 0.737801
v 1.317156 0.197535 0.574594
v 1.317156 0.197535 0.737801
v 1.313507 0.234584 0.574594
v 1.313507 0.234584 0.737801
v 1.317156 0.271633 0.574594
v 1.317156 0.271632 0.737801
v 1.327963 0.307258 0.574594
v 1.327963 0.307258 0.737801
v 1.345512 0.340090 0.574594
v 1.345512 0.340090 0.737801
v 1.369130 0.368868 0.574594
v 1.369130 0.368868 0.737801
v 1.397907 0.392485 0.574594
v 1.397907 0.392485 0.737801
v 1.430740 0.410034 0.574594
v 1.430740 0.410034 0.737801
v 1.466365 0.420841 0.574594
v 1.466365 0.420841 0.737801
v 1.503413 0.492749 0.573791
v 1.503413 0.492749 0.738604
v 1.553779 0.487788 0.573791
v 1.553779 0.487788 0.738604
v 1.602209 0.473097 0.573791
v 1.602209 0.473097 0.738604
v 1.646842 0.449240 0.573791
v 1.646842 0.449240 0.738604
v 1.685964 0.417134 0.573791
v 1.685964 0.417134 0.738604
v 1.718070 0.378012 0.573791
v 1.718070 0.378012 0.738604
v 1.741927 0.333379 0.573791
v 1.741927 0.333379 0.738604
v 1.756618 0.284949 0.573791
v 1.756618 0.284949 0.738604
v 1.761579 0.234584 0.573791
v 1.761579 0.234583 0.738604
v 1.756618 0.184218 0.573791
v 1.756618 0.184218 0.738604
v 1.741927 0.135788 0.573791
v 1.741927 0.135788 0.738604
v 1.718070 0.091155 0.573791
v 1.718070 0.091155 0.738604
v 1.685964 0.052033 0.573791
v 1.685964 0.052033 0.738604
v 1.646842 0.019927 0.573791
v 1.646842 0.019927 0.738604
v 1.602209 -0.003930 0.573791
v 1.602209 -0.003930 0.738604
v 1.553779 -0.018621 0.573791
v 1.553779 -0.018621 0.738604
v 1.503413 -0.023582 0.573791
v 1.503413 -0.023582 0.738604
v 1.453048 -0.018621 0.573791
v 1.453048 -0.018621 0.738604
v 1.404618 -0.003930 0.573791
v 1.404618 -0.003930 0.738604
v 1.359984 0.019927 0.573791
v 1.359984 0.019927 0.738604
v 1.320863 0.052033 0.573791
v 1.320863 0.052033 0.738604
v 1.288757 0.091155 0.573791
v 1.288757 0.091155 0.738604
v 1.264900 0.135788 0.573791
v 1.264900 0.135788 0.738604
v 1.250209 0.184218 0.573791
v 1.250209 0.184218 0.738604
v 1.245248 0.234584 0.573791
v 1.245248 0.234584 0.738604
v 1.250209 0.284949 0.573791
v 1.250209 0.284949 0.738604
v 1.264900 0.333379 0.573791
v 1.264900 0.333379 0.738604
v 1.288757 0.378013 0.573791
v 1.288757 0.378013 0.738604
v 1.320863 0.417134 0.573791
v 1.320863 0.417134 0.738604
v 1.359985 0.449240 0.573791
v 1.359985 0.449240 0.738604
v 1.404618 0.473097 0.573791
v 1.404618 0.473097 0.738604
v 1.453048 0.487788 0.573791
v 1.453048 0.487788 0.738604
vn 0.7253 0.2200 -0.6524
vn -0.2605 0.8587 0.4412
vn -0.5693 0.6937 0.4412
vn 0.5859 0.4808 -0.6524
vn -0.6684 -0.3573 -0.6524
vn 0.4230 0.7914 0.4412
vn -0.4808 -0.5859 -0.6524
vn 0.6684 -0.3573 -0.6524
vn 0.0880 0.8931 0.4412
vn 0.7543 -0.0743 -0.6524
vn -0.5693 -0.6937 0.4412
vn -0.7253 0.2200 -0.6524
vn -0.2605 -0.8587 0.4412
vn 0.8587 0.2605 0.4412
vn -0.7543 -0.0743 -0.6524
vn 0.2200 -0.7253 -0.6524
vn 0.6937 0.5693 0.4412
vn 0.4808 -0.5859 -0.6524
vn -0.8931 -0.0880 0.4412
vn -0.0743 -0.7543 -0.6524
vn -0.3573 0.6684 -0.6524
vn -0.7914 -0.4230 0.4412
vn -0.5859 0.4808 -0.6524
vn 0.7914 -0.4230 0.4412
vn 0.8931 -0.0880 0.4412
vn -0.6937 0.5693 0.4412
vn 0.2200 0.7253 -0.6524
vn -0.8587 0.2605 0.4412
vn -0.0743 0.7543 -0.6524
vn 0.2605 -0.8587 0.4412
vn -0.0000 -0.0000 1.0000
vn -0.3573 -0.6684 -0.6524
vn 0.5693 -0.6937 0.4412
vn -0.0000 -0.0000 -1.0000
vn 0.0118 -0.0012 -0.9999
vn 0.0012 0.0118 0.9999
vn -0.0075 -0.0091 0.9999
vn -0.0034 -0.0113 0.9999
vn -0.0113 0.0034 -0.9999
vn 0.0113 0.0034 0.9999
vn -0.0118 -0.0012 -0.9999
vn 0.0034 -0.0113 -0.9999
vn 0.0091 0.0075 0.9999
vn 0.0075 -0.0091 -0.9999
vn -0.0012 -0.0118 -0.9999
vn -0.0118 -0.0012 0.9999
vn -0.0104 -0.0056 0.9999
vn -0.0056 0.0104 -0.9999
vn -0.0091 0.0075 -0.9999
vn 0.0104 -0.0056 0.9999
vn 0.0118 -0.0012 0.9999
vn -0.0091 0.0075 0.9999
vn -0.0113 0.0034 0.9999
vn 0.0034 0.0113 -0.9999
vn -0.0012 0.0118 -0.9999
vn 0.0034 -0.0113 0.9999
vn -0.0056 -0.0104 -0.9999
vn 0.0075 -0.0091 0.9999
vn -0.0012 0.0118 0.9999
vn -0.0012 -0.0118 0.9999
vn -0.0056 0.0104 0.9999
vn 0.0104 0.0056 -0.9999
vn 0.0075 0.0091 -0.9999
vn -0.0113 -0.0034 -0.9999
vn 0.0075 0.0091 0.9999
vn -0.0091 -0.0075 -0.9999
vn -0.2200 -0.7253 -0.6524
vn 0.4230 -0.7914 0.4412
vn 0.0880 -0.8931 0.4412
vn 0.0743 0.7543 -0.6524
vn -0.8931 0.0880 0.4412
vn -0.7914 0.4230 0.4412
vn 0.3573 0.6684 -0.6524
vn 0.0743 -0.7543 -0.6524
vn 0.8587 -0.2605 0.4412
vn 0.6937 -0.5693 0.4412
vn -0.4808 0.5859 -0.6524
vn -0.6937 -0.5693 0.4412
vn -0.8587 -0.2605 0.4412
vn -0.2200 0.7253 -0.6524
vn 0.5859 -0.4808 -0.6524
vn 0.3573 -0.6684 -0.6524
vn 0.7914 0.4230 0.4412
vn -0.7543 0.0743 -0.6524
vn 0.8931 0.0880 0.4412
vn -0.4230 -0.7914 0.4412
vn -0.6684 0.3573 -0.6524
vn 0.7543 0.0743 -0.6524
vn 0.7253 -0.2200 -0.6524
vn 0.2605 0.8587 0.4412
vn -0.5859 -0.4808 -0.6524
vn 0.5693 0.6937 0.4412
vn -0.7253 -0.2200 -0.6524
vn 0.4808 0.5859 -0.6524
vn 0.6684 0.3573 -0.6524
vn -0.4230 0.7914 0.4412
vn -0.0880 0.8931 0.4412
vn -0.0880 -0.8931 0.4412
vn 0.0980 0.9952 -0.0000
vn 0.2903 0.9569 -0.0000
vn 0.4714 0.8819 -0.0000
vn 0.6344 0.7730 -0.0000
vn 0.7730 0.6344 -0.0000
vn 0.8819 0.4714 -0.0000
vn 0.9569 0.2903 -0.0000
vn 0.9952 0.0980 -0.0000
vn 0.9952 -0.0980 -0.0000
vn 0.9569 -0.2903 -0.0000
vn 0.8819 -0.4714 -0.0000
vn 0.7730 -0.6344 -0.0000
vn 0.6344 -0.7730 -0.0000
vn 0.4714 -0.8819 -0.0000
vn 0.2903 -0.9569 -0.0000
vn 0.0980 -0.9952 -0.0000
vn -0.0980 -0.9952 -0.0000
vn -0.2903 -0.9569 -0.0000
vn -0.4714 -0.8819 -0.0000
vn -0.6344 -0.7730 -0.0000
vn -0.7730 -0.6344 -0.0000
vn -0.8819 -0.4714 -0.0000
vn -0.9569 -0.2903 -0.0000
vn -0.9952 -0.0980 -0.0000
vn -0.9952 0.0980 -0.0000
vn -0.9569 0.2903 -0.0000
vn -0.8819 0.4714 -0.0000
vn -0.7730 0.6344 -0.0000
vn -0.6344 0.7730 -0.0000
vn -0.4714 0.8819 -0.0000
vn -0.0980 0.9952 -0.0000
vn -0.2903 0.9569 -0.0000
vn 0.0104 -0.0056 -0.9999
vn -0.0075 -0.0091 -0.9999
vn 0.0056 0.0104 0.9999
vn -0.0104 -0.0056 -0.9999
vn -0.0075 0.0091 0.9999
vn 0.0091 0.0075 -0.9999
vn 0.0113 0.0034 -0.9999
vn -0.0034 0.0113 0.9999
vn -0.0034 -0.0113 -0.9999
vn 0.0056 -0.0104 0.9999
vn 0.0012 -0.0118 0.9999
vn -0.0118 0.0012 0.9999
vn 0.0012 0.0118 -0.9999
vn 0.0056 0.0104 -0.9999
vn -0.0104 0.0056 0.9999
vn 0.0012 -0.0118 -0.9999
vn 0.0113 -0.0034 0.9999
vn 0.0091 -0.0075 0.9999
vn -0.0091 -0.0075 0.9999
vn -0.0075 0.0091 -0.9999
vn -0.0034 0.0113 -0.9999
vn -0.0113 -0.0034 0.9999
vn 0.0091 -0.0075 -0.9999
vn 0.0056 -0.0104 -0.9999
vn 0.0104 0.0056 0.9999
vn -0.0118 0.0012 -0.9999
vn 0.0118 0.0012 0.9999
vn -0.0104 0.0056 -0.9999
vn -0.0056 -0.0104 0.9999
vn 0.0118 0.0012 -0.9999
vn 0.0034 0.0113 0.9999
vn 0.0113 -0.0034 -0.9999
s 0
usemtl Material.003
f 1371//274 1369//274 1433//274 1435//274
f 1354//275 1356//275 1420//275 1418//275
f 1350//276 1352//276 1416//276 1414//276
f 1367//277 1365//277 1429//277 1431//277
f 1337//278 1335//278 1399//278 1401//278
f 1362//279 1364//279 1428//279 1426//279
f 1333//280 1331//280 1395//280 1397//280
f 1379//281 1377//281 1441//281 1443//281
f 1358//282 1360//282 1424//282 1422//282
f 1375//283 1373//283 1437//283 1439//283
f 1332//284 1334//284 1398//284 1396//284
f 1345//285 1343//285 1407//285 1409//285
f 1328//286 1330//286 1394//286 1392//286
f 1370//287 1372//287 1436//287 1434//287
f 1341//288 1339//288 1403//288 1405//288
f 1387//289 1385//289 1449//289 1451//289
f 1366//290 1368//290 1432//290 1430//290
f 1383//291 1381//291 1445//291 1447//291
f 1340//292 1342//292 1406//292 1404//292
f 1327//293 1325//293 1389//293 1391//293
f 1353//294 1351//294 1415//294 1417//294
f 1336//295 1338//295 1402//295 1400//295
f 1349//296 1347//296 1411//296 1413//296
f 1378//297 1380//297 1444//297 1442//297
f 1374//298 1376//298 1440//298 1438//298
f 1348//299 1350//299 1414//299 1412//299
f 1361//300 1359//300 1423//300 1425//300
f 1344//301 1346//301 1410//301 1408//301
f 1357//302 1355//302 1419//302 1421//302
f 1386//303 1388//303 1452//303 1450//303
f 1331//305 1329//305 1393//305 1395//305
f 1382//306 1384//306 1448//306 1446//306
f 1325//307 1327//307 1329//307 1331//307 1333//307 1335//307 1337//307 1339//307 1341//307 1343//307 1345//307 1347//307 1349//307 1351//307 1353//307 1355//307 1357//307 1359//307 1361//307 1363//307 1365//307 1367//307 1369//307 1371//307 1373//307 1375//307 1377//307 1379//307 1381//307 1383//307 1385//307 1387//307
f 1439//308 1437//308 1501//308 1503//308
f 1422//309 1424//309 1488//309 1486//309
f 1396//310 1398//310 1462//310 1460//310
f 1392//311 1394//311 1458//311 1456//311
f 1409//312 1407//312 1471//312 1473//312
f 1434//313 1436//313 1500//313 1498//313
f 1405//314 1403//314 1467//314 1469//314
f 1451//315 1449//315 1513//315 1515//315
f 1430//316 1432//316 1496//316 1494//316
f 1447//317 1445//317 1509//317 1511//317
f 1391//318 1389//318 1453//318 1455//318
f 1404//319 1406//319 1470//319 1468//319
f 1400//320 1402//320 1466//320 1464//320
f 1417//321 1415//321 1479//321 1481//321
f 1413//322 1411//322 1475//322 1477//322
f 1442//323 1444//323 1508//323 1506//323
f 1438//324 1440//324 1504//324 1502//324
f 1412//325 1414//325 1478//325 1476//325
f 1408//326 1410//326 1474//326 1472//326
f 1425//327 1423//327 1487//327 1489//327
f 1421//328 1419//328 1483//328 1485//328
f 1450//329 1452//329 1516//329 1514//329
f 1395//330 1393//330 1457//330 1459//330
f 1446//331 1448//331 1512//331 1510//331
f 1420//332 1422//332 1486//332 1484//332
f 1390//333 1392//333 1456//333 1454//333
f 1416//334 1418//334 1482//334 1480//334
f 1433//335 1431//335 1495//335 1497//335
f 1429//336 1427//336 1491//336 1493//336
f 1403//337 1401//337 1465//337 1467//337
f 1428//338 1430//338 1494//338 1492//338
f 1399//339 1397//339 1461//339 1463//339
f 1329//340 1327//340 1391//340 1393//340
f 1384//341 1386//341 1450//341 1448//341
f 1388//342 1326//342 1390//342 1452//342
f 1359//343 1357//343 1421//343 1423//343
f 1342//344 1344//344 1408//344 1406//344
f 1346//345 1348//345 1412//345 1410//345
f 1363//346 1361//346 1425//346 1427//346
f 1325//347 1387//347 1451//347 1389//347
f 1376//348 1378//348 1442//348 1440//348
f 1380//349 1382//349 1446//349 1444//349
f 1351//350 1349//350 1413//350 1415//350
f 1334//351 1336//351 1400//351 1398//351
f 1338//352 1340//352 1404//352 1402//352
f 1355//353 1353//353 1417//353 1419//353
f 1381//354 1379//354 1443//354 1445//354
f 1385//355 1383//355 1447//355 1449//355
f 1368//356 1370//356 1434//356 1432//356
f 1343//357 1341//357 1405//357 1407//357
f 1372//358 1374//358 1438//358 1436//358
f 1330//359 1332//359 1396//359 1394//359
f 1347//360 1345//360 1409//360 1411//360
f 1373//361 1371//361 1435//361 1437//361
f 1377//362 1375//362 1439//362 1441//362
f 1360//363 1362//363 1426//363 1424//363
f 1335//364 1333//364 1397//364 1399//364
f 1364//365 1366//365 1430//365 1428//365
f 1339//366 1337//366 1401//366 1403//366
f 1365//367 1363//367 1427//367 1429//367
f 1369//368 1367//368 1431//368 1433//368
f 1352//369 1354//369 1418//369 1416//369
f 1356//370 1358//370 1422//370 1420//370
f 1326//371 1328//371 1392//371 1390//371
f 1453//372 1454//372 1456//372 1455//372
f 1455//373 1456//373 1458//373 1457//373
f 1457//374 1458//374 1460//374 1459//374
f 1459//375 1460//375 1462//375 1461//375
f 1461//376 1462//376 1464//376 1463//376
f 1463//377 1464//377 1466//377 1465//377
f 1465//378 1466//378 1468//378 1467//378
f 1467//379 1468//379 1470//379 1469//379
f 1469//380 1470//380 1472//380 1471//380
f 1471//381 1472//381 1474//381 1473//381
f 1473//382 1474//382 1476//382 1475//382
f 1475//383 1476//383 1478//383 1477//383
f 1477//384 1478//384 1480//384 1479//384
f 1479//385 1480//385 1482//385 1481//385
f 1481//386 1482//386 1484//386 1483//386
f 1483//387 1484//387 1486//387 1485//387
f 1485//388 1486//388 1488//388 1487//388
f 1487//389 1488//389 1490//389 1489//389
f 1489//390 1490//390 1492//390 1491//390
f 1491//391 1492//391 1494//391 1493//391
f 1493//392 1494//392 1496//392 1495//392
f 1495//393 1496//393 1498//393 1497//393
f 1497//394 1498//394 1500//394 1499//394
f 1499//395 1500//395 1502//395 1501//395
f 1501//396 1502//396 1504//396 1503//396
f 1503//397 1504//397 1506//397 1505//397
f 1505//398 1506//398 1508//398 1507//398
f 1507//399 1508//399 1510//399 1509//399
f 1509//400 1510//400 1512//400 1511//400
f 1511//401 1512//401 1514//401 1513//401
f 1515//402 1516//402 1454//402 1453//402
f 1513//403 1514//403 1516//403 1515//403
f 1443//404 1441//404 1505//404 1507//404
f 1397//405 1395//405 1459//405 1461//405
f 1426//406 1428//406 1492//406 1490//406
f 1401//407 1399//407 1463//407 1465//407
f 1414//408 1416//408 1480//408 1478//408
f 1431//409 1429//409 1493//409 1495//409
f 1435//410 1433//410 1497//410 1499//410
f 1418//411 1420//411 1484//411 1482//411
f 1393//412 1391//412 1455//412 1457//412
f 1448//413 1450//413 1514//413 1512//413
f 1452//414 1390//414 1454//414 1516//414
f 1406//415 1408//415 1472//415 1470//415
f 1423//416 1421//416 1485//416 1487//416
f 1427//417 1425//417 1489//417 1491//417
f 1410//418 1412//418 1476//418 1474//418
f 1389//419 1451//419 1515//419 1453//419
f 1440//420 1442//420 1506//420 1504//420
f 1444//421 1446//421 1510//421 1508//421
f 1398//422 1400//422 1464//422 1462//422
f 1415//423 1413//423 1477//423 1479//423
f 1419//424 1417//424 1481//424 1483//424
f 1402//425 1404//425 1468//425 1466//425
f 1445//426 1443//426 1507//426 1509//426
f 1449//427 1447//427 1511//427 1513//427
f 1432//428 1434//428 1498//428 1496//428
f 1407//429 1405//429 1469//429 1471//429
f 1436//430 1438//430 1502//430 1500//430
f 1411//431 1409//431 1473//431 1475//431
f 1394//432 1396//432 1460//432 1458//432
f 1437//433 1435//433 1499//433 1501//433
f 1424//434 1426//434 1490//434 1488//434
f 1441//435 1439//435 1503//435 1505//435
usemtl Material.004
f 1328//304 1326//304 1388//304 1386//304 1384//304 1382//304 1380//304 1378//304 1376//304 1374//304 1372//304 1370//304 1368//304 1366//304 1364//304 1362//304 1360//304 1358//304 1356//304 1354//304 1352//304 1350//304 1348//304 1346//304 1344//304 1342//304 1340//304 1338//304 1336//304 1334//304 1332//304 1330//304
o Cylinder.004
v -1.277622 0.397756 0.556116
v -1.277622 0.397756 0.635946
v -1.245789 0.394620 0.556116
v -1.245789 0.394620 0.635946
v -1.215179 0.385335 0.556116
v -1.215179 0.385335 0.635946
v -1.186969 0.370256 0.556116
v -1.186969 0.370256 0.635946
v -1.162242 0.349964 0.556116
v -1.162242 0.349964 0.635946
v -1.141950 0.325237 0.556116
v -1.141950 0.325237 0.635946
v -1.126871 0.297027 0.556116
v -1.126871 0.297027 0.635946
v -1.117585 0.266417 0.556116
v -1.117585 0.266417 0.635946
v -1.114450 0.234584 0.556116
v -1.114450 0.234583 0.635946
v -1.117585 0.202750 0.556116
v -1.117585 0.202750 0.635946
v -1.126871 0.172140 0.556116
v -1.126871 0.172140 0.635946
v -1.141950 0.143930 0.556116
v -1.141950 0.143930 0.635946
v -1.162242 0.119203 0.556116
v -1.162242 0.119203 0.635946
v -1.186969 0.098911 0.556116
v -1.186969 0.098911 0.635946
v -1.215179 0.083832 0.556116
v -1.215179 0.083832 0.635946
v -1.245789 0.074547 0.556116
v -1.245789 0.074547 0.635946
v -1.277622 0.071411 0.556116
v -1.277622 0.071411 0.635946
v -1.309456 0.074547 0.556116
v -1.309456 0.074547 0.635946
v -1.340065 0.083832 0.556116
v -1.340065 0.083832 0.635946
v -1.368276 0.098911 0.556116
v -1.368276 0.098911 0.635946
v -1.393002 0.119204 0.556116
v -1.393002 0.119203 0.635946
v -1.413295 0.143930 0.556116
v -1.413295 0.143930 0.635946
v -1.428373 0.172140 0.556116
v -1.428373 0.172140 0.635946
v -1.437659 0.202750 0.556116
v -1.437659 0.202750 0.635946
v -1.440794 0.234584 0.556116
v -1.440794 0.234584 0.635946
v -1.437659 0.266417 0.556116
v -1.437659 0.266417 0.635946
v -1.428373 0.297027 0.556116
v -1.428373 0.297027 0.635946
v -1.413295 0.325237 0.556116
v -1.413295 0.325237 0.635946
v -1.393002 0.349964 0.556116
v -1.393002 0.349964 0.635946
v -1.368275 0.370256 0.556116
v -1.368275 0.370256 0.635946
v -1.340065 0.385335 0.556116
v -1.340065 0.385335 0.635946
v -1.309455 0.394620 0.556116
v -1.309455 0.394620 0.635946
v -1.277622 0.424490 0.525207
v -1.277622 0.424490 0.688413
v -1.240573 0.420841 0.525207
v -1.240573 0.420841 0.688413
v -1.204948 0.410034 0.525207
v -1.204948 0.410034 0.688413
v -1.172116 0.392485 0.525207
v -1.172116 0.392485 0.688413
v -1.143338 0.368868 0.525207
v -1.143338 0.368867 0.688413
v -1.119721 0.340090 0.525207
v -1.119721 0.340090 0.688413
v -1.102172 0.307258 0.525207
v -1.102172 0.307257 0.688413
v -1.091365 0.271632 0.525207
v -1.091365 0.271632 0.688413
v -1.087716 0.234584 0.525207
v -1.087716 0.234583 0.688413
v -1.091365 0.197535 0.525206
v -1.091365 0.197535 0.688413
v -1.102172 0.161910 0.525206
v -1.102172 0.161910 0.688413
v -1.119721 0.129077 0.525206
v -1.119721 0.129077 0.688413
v -1.143338 0.100300 0.525206
v -1.143338 0.100299 0.688413
v -1.172116 0.076682 0.525206
v -1.172116 0.076682 0.688413
v -1.204948 0.059133 0.525206
v -1.204948 0.059133 0.688413
v -1.240573 0.048326 0.525206
v -1.240573 0.048326 0.688413
v -1.277622 0.044677 0.525206
v -1.277622 0.044677 0.688413
v -1.314671 0.048326 0.525206
v -1.314671 0.048326 0.688413
v -1.350296 0.059133 0.525206
v -1.350296 0.059133 0.688413
v -1.383128 0.076682 0.525206
v -1.383128 0.076682 0.688413
v -1.411906 0.100300 0.525206
v -1.411906 0.100300 0.688413
v -1.435523 0.129077 0.525206
v -1.435523 0.129077 0.688413
v -1.453073 0.161910 0.525206
v -1.453073 0.161910 0.688413
v -1.463879 0.197535 0.525206
v -1.463879 0.197535 0.688413
v -1.467528 0.234584 0.525207
v -1.467528 0.234584 0.688413
v -1.463879 0.271633 0.525207
v -1.463879 0.271632 0.688413
v -1.453073 0.307258 0.525207
v -1.453073 0.307258 0.688413
v -1.435523 0.340090 0.525207
v -1.435523 0.340090 0.688413
v -1.411906 0.368868 0.525207
v -1.411906 0.368868 0.688413
v -1.383128 0.392485 0.525207
v -1.383128 0.392485 0.688413
v -1.350296 0.410034 0.525207
v -1.350296 0.410034 0.688413
v -1.314671 0.420841 0.525207
v -1.314671 0.420841 0.688413
v -1.277622 0.492749 0.524404
v -1.277622 0.492749 0.689216
v -1.227257 0.487788 0.524404
v -1.227257 0.487788 0.689216
v -1.178827 0.473097 0.524404
v -1.178827 0.473097 0.689216
v -1.134193 0.449240 0.524404
v -1.134193 0.449240 0.689216
v -1.095072 0.417134 0.524404
v -1.095072 0.417134 0.689216
v -1.062966 0.378012 0.524404
v -1.062966 0.378012 0.689216
v -1.039109 0.333379 0.524404
v -1.039109 0.333379 0.689216
v -1.024418 0.284949 0.524404
v -1.024418 0.284949 0.689216
v -1.019457 0.234584 0.524403
v -1.019457 0.234583 0.689216
v -1.024418 0.184218 0.524403
v -1.024418 0.184218 0.689216
v -1.039109 0.135788 0.524403
v -1.039109 0.135788 0.689216
v -1.062966 0.091155 0.524403
v -1.062966 0.091155 0.689216
v -1.095072 0.052033 0.524403
v -1.095072 0.052033 0.689216
v -1.134193 0.019927 0.524403
v -1.134193 0.019927 0.689216
v -1.178827 -0.003930 0.524403
v -1.178827 -0.003930 0.689216
v -1.227257 -0.018621 0.524403
v -1.227257 -0.018621 0.689216
v -1.277622 -0.023582 0.524403
v -1.277622 -0.023582 0.689216
v -1.327988 -0.018621 0.524403
v -1.327988 -0.018621 0.689216
v -1.376418 -0.003930 0.524403
v -1.376418 -0.003930 0.689216
v -1.421051 0.019927 0.524403
v -1.421051 0.019927 0.689216
v -1.460173 0.052033 0.524403
v -1.460173 0.052033 0.689216
v -1.492279 0.091155 0.524403
v -1.492279 0.091155 0.689216
v -1.516136 0.135788 0.524403
v -1.516136 0.135788 0.689216
v -1.530827 0.184218 0.524403
v -1.530827 0.184218 0.689216
v -1.535787 0.234584 0.524403
v -1.535787 0.234584 0.689216
v -1.530827 0.284949 0.524404
v -1.530827 0.284949 0.689216
v -1.516136 0.333379 0.524404
v -1.516136 0.333379 0.689216
v -1.492278 0.378013 0.524404
v -1.492278 0.378013 0.689216
v -1.460172 0.417134 0.524404
v -1.460172 0.417134 0.689216
v -1.421051 0.449240 0.524404
v -1.421051 0.449240 0.689216
v -1.376417 0.473097 0.524404
v -1.376417 0.473097 0.689216
v -1.327987 0.487788 0.524404
v -1.327987 0.487788 0.689216
vn 0.7253 0.2200 -0.6524
vn -0.2589 0.8535 0.4523
vn -0.5658 0.6894 0.4523
vn 0.5859 0.4808 -0.6524
vn -0.6684 -0.3573 -0.6524
vn 0.4204 0.7866 0.4523
vn -0.4808 -0.5859 -0.6524
vn 0.6684 -0.3573 -0.6524
vn 0.0874 0.8876 0.4523
vn 0.7543 -0.0743 -0.6524
vn -0.5658 -0.6894 0.4523
vn -0.7253 0.2200 -0.6524
vn -0.2589 -0.8535 0.4523
vn 0.8535 0.2589 0.4523
vn -0.7543 -0.0743 -0.6524
vn 0.2200 -0.7253 -0.6524
vn 0.6894 0.5658 0.4523
vn 0.4808 -0.5859 -0.6524
vn -0.8876 -0.0874 0.4523
vn -0.0743 -0.7543 -0.6524
vn -0.3573 0.6684 -0.6524
vn -0.7866 -0.4204 0.4523
vn -0.5859 0.4808 -0.6524
vn 0.7866 -0.4204 0.4523
vn 0.8876 -0.0874 0.4523
vn -0.6894 0.5658 0.4523
vn 0.2200 0.7253 -0.6524
vn -0.8535 0.2589 0.4523
vn -0.0743 0.7543 -0.6524
vn 0.2589 -0.8535 0.4523
vn -0.0000 -0.0000 1.0000
vn -0.3573 -0.6684 -0.6524
vn 0.5658 -0.6894 0.4523
vn -0.0000 -0.0000 -1.0000
vn 0.0118 -0.0012 -0.9999
vn 0.0012 0.0118 0.9999
vn -0.0075 -0.0091 0.9999
vn -0.0034 -0.0113 0.9999
vn -0.0113 0.0034 -0.9999
vn 0.0113 0.0034 0.9999
vn -0.0118 -0.0012 -0.9999
vn 0.0034 -0.0113 -0.9999
vn 0.0091 0.0075 0.9999
vn 0.0075 -0.0091 -0.9999
vn -0.0012 -0.0118 -0.9999
vn -0.0118 -0.0012 0.9999
vn -0.0104 -0.0056 0.9999
vn -0.0056 0.0104 -0.9999
vn -0.0091 0.0075 -0.9999
vn 0.0104 -0.0056 0.9999
vn 0.0118 -0.0012 0.9999
vn -0.0091 0.0075 0.9999
vn -0.0113 0.0034 0.9999
vn 0.0034 0.0113 -0.9999
vn -0.0012 0.0118 -0.9999
vn 0.0034 -0.0113 0.9999
vn -0.0056 -0.0104 -0.9999
vn 0.0075 -0.0091 0.9999
vn -0.0012 0.0118 0.9999
vn -0.0012 -0.0118 0.9999
vn -0.0056 0.0104 0.9999
vn 0.0104 0.0056 -0.9999
vn 0.0075 0.0091 -0.9999
vn -0.0113 -0.0034 -0.9999
vn 0.0075 0.0091 0.9999
vn -0.0091 -0.0075 -0.9999
vn -0.2200 -0.7253 -0.6524
vn 0.4204 -0.7866 0.4523
vn 0.0874 -0.8876 0.4523
vn 0.0743 0.7543 -0.6524
vn -0.8876 0.0874 0.4523
vn -0.7866 0.4204 0.4523
vn 0.3573 0.6684 -0.6524
vn 0.0743 -0.7543 -0.6524
vn 0.8535 -0.2589 0.4523
vn 0.6894 -0.5658 0.4523
vn -0.4808 0.5859 -0.6524
vn -0.6894 -0.5658 0.4523
vn -0.8535 -0.2589 0.4523
vn -0.2200 0.7253 -0.6524
vn 0.5859 -0.4808 -0.6524
vn 0.3573 -0.6684 -0.6524
vn 0.7866 0.4204 0.4523
vn -0.7543 0.0743 -0.6524
vn 0.8876 0.0874 0.4523
vn -0.4204 -0.7866 0.4523
vn -0.6684 0.3573 -0.6524
vn 0.7543 0.0743 -0.6524
vn 0.7253 -0.2200 -0.6524
vn 0.2589 0.8535 0.4523
vn -0.5859 -0.4808 -0.6524
vn 0.5658 0.6894 0.4523
vn -0.7253 -0.2200 -0.6524
vn 0.4808 0.5859 -0.6524
vn 0.6684 0.3573 -0.6524
vn -0.4204 0.7866 0.4523
vn -0.0874 0.8876 0.4523
vn -0.0874 -0.8876 0.4523
vn 0.0980 0.9952 -0.0000
vn 0.2903 0.9569 -0.0000
vn 0.4714 0.8819 -0.0000
vn 0.6344 0.7730 -0.0000
vn 0.7730 0.6344 -0.0000
vn 0.8819 0.4714 -0.0000
vn 0.9569 0.2903 -0.0000
vn 0.9952 0.0980 -0.0000
vn 0.9952 -0.0980 -0.0000
vn 0.9569 -0.2903 -0.0000
vn 0.8819 -0.4714 -0.0000
vn 0.7730 -0.6344 -0.0000
vn 0.6344 -0.7730 -0.0000
vn 0.4714 -0.8819 -0.0000
vn 0.2903 -0.9569 -0.0000
vn 0.0980 -0.9952 -0.0000
vn -0.0980 -0.9952 -0.0000
vn -0.2903 -0.9569 -0.0000
vn -0.4714 -0.8819 -0.0000
vn -0.6344 -0.7730 -0.0000
vn -0.7730 -0.6344 -0.0000
vn -0.8819 -0.4714 -0.0000
vn -0.9569 -0.2903 -0.0000
vn -0.9952 -0.0980 -0.0000
vn -0.9952 0.0980 -0.0000
vn -0.9569 0.2903 -0.0000
vn -0.8819 0.4714 -0.0000
vn -0.7730 0.6344 -0.0000
vn -0.6344 0.7730 -0.0000
vn -0.4714 0.8819 -0.0000
vn -0.0980 0.9952 -0.0000
vn -0.2903 0.9569 -0.0000
vn 0.0104 -0.0056 -0.9999
vn -0.0075 -0.0091 -0.9999
vn 0.0056 0.0104 0.9999
vn -0.0104 -0.0056 -0.9999
vn -0.0075 0.0091 0.9999
vn 0.0091 0.0075 -0.9999
vn 0.0113 0.0034 -0.9999
vn -0.0034 0.0113 0.9999
vn -0.0034 -0.0113 -0.9999
vn 0.0056 -0.0104 0.9999
vn 0.0012 -0.0118 0.9999
vn -0.0118 0.0012 0.9999
vn 0.0012 0.0118 -0.9999
vn 0.0056 0.0104 -0.9999
vn -0.0104 0.0056 0.9999
vn 0.0012 -0.0118 -0.9999
vn 0.0113 -0.0034 0.9999
vn 0.0091 -0.0075 0.9999
vn -0.0091 -0.0075 0.9999
vn -0.0075 0.0091 -0.9999
vn -0.0034 0.0113 -0.9999
vn -0.0113 -0.0034 0.9999
vn 0.0091 -0.0075 -0.9999
vn 0.0056 -0.0104 -0.9999
vn 0.0104 0.0056 0.9999
vn -0.0118 0.0012 -0.9999
vn 0.0118 0.0012 0.9999
vn -0.0104 0.0056 -0.9999
vn -0.0056 -0.0104 0.9999
vn 0.0118 0.0012 -0.9999
vn 0.0034 0.0113 0.9999
vn 0.0113 -0.0034 -0.9999
s 0
usemtl Material.005
f 1563//436 1561//436 1625//436 1627//436
f 1546//437 1548//437 1612//437 1610//437
f 1542//438 1544//438 1608//438 1606//438
f 1559//439 1557//439 1621//439 1623//439
f 1529//440 1527//440 1591//440 1593//440
f 1554//441 1556//441 1620//441 1618//441
f 1525//442 1523//442 1587//442 1589//442
f 1571//443 1569//443 1633//443 1635//443
f 1550//444 1552//444 1616//444 1614//444
f 1567//445 1565//445 1629//445 1631//445
f 1524//446 1526//446 1590//446 1588//446
f 1537//447 1535//447 1599//447 1601//447
f 1520//448 1522//448 1586//448 1584//448
f 1562//449 1564//449 1628//449 1626//449
f 1533//450 1531//450 1595//450 1597//450
f 1579//451 1577//451 1641//451 1643//451
f 1558//452 1560//452 1624//452 1622//452
f 1575//453 1573//453 1637//453 1639//453
f 1532//454 1534//454 1598//454 1596//454
f 1519//455 1517//455 1581//455 1583//455
f 1545//456 1543//456 1607//456 1609//456
f 1528//457 1530//457 1594//457 1592//457
f 1541//458 1539//458 1603//458 1605//458
f 1570//459 1572//459 1636//459 1634//459
f 1566//460 1568//460 1632//460 1630//460
f 1540//461 1542//461 1606//461 1604//461
f 1553//462 1551//462 1615//462 1617//462
f 1536//463 1538//463 1602//463 1600//463
f 1549//464 1547//464 1611//464 1613//464
f 1578//465 1580//465 1644//465 1642//465
f 1523//467 1521//467 1585//467 1587//467
f 1574//468 1576//468 1640//468 1638//468
f 1517//469 1519//469 1521//469 1523//469 1525//469 1527//469 1529//469 1531//469 1533//469 1535//469 1537//469 1539//469 1541//469 1543//469 1545//469 1547//469 1549//469 1551//469 1553//469 1555//469 1557//469 1559//469 1561//469 1563//469 1565//469 1567//469 1569//469 1571//469 1573//469 1575//469 1577//469 1579//469
f 1631//470 1629//470 1693//470 1695//470
f 1614//471 1616//471 1680//471 1678//471
f 1588//472 1590//472 1654//472 1652//472
f 1584//473 1586//473 1650//473 1648//473
f 1601//474 1599//474 1663//474 1665//474
f 1626//475 1628//475 1692//475 1690//475
f 1597//476 1595//476 1659//476 1661//476
f 1643//477 1641//477 1705//477 1707//477
f 1622//478 1624//478 1688//478 1686//478
f 1639//479 1637//479 1701//479 1703//479
f 1583//480 1581//480 1645//480 1647//480
f 1596//481 1598//481 1662//481 1660//481
f 1592//482 1594//482 1658//482 1656//482
f 1609//483 1607//483 1671//483 1673//483
f 1605//484 1603//484 1667//484 1669//484
f 1634//485 1636//485 1700//485 1698//485
f 1630//486 1632//486 1696//486 1694//486
f 1604//487 1606//487 1670//487 1668//487
f 1600//488 1602//488 1666//488 1664//488
f 1617//489 1615//489 1679//489 1681//489
f 1613//490 1611//490 1675//490 1677//490
f 1642//491 1644//491 1708//491 1706//491
f 1587//492 1585//492 1649//492 1651//492
f 1638//493 1640//493 1704//493 1702//493
f 1612//494 1614//494 1678//494 1676//494
f 1582//495 1584//495 1648//495 1646//495
f 1608//496 1610//496 1674//496 1672//496
f 1625//497 1623//497 1687//497 1689//497
f 1621//498 1619//498 1683//498 1685//498
f 1595//499 1593//499 1657//499 1659//499
f 1620//500 1622//500 1686//500 1684//500
f 1591//501 1589//501 1653//501 1655//501
f 1521//502 1519//502 1583//502 1585//502
f 1576//503 1578//503 1642//503 1640//503
f 1580//504 1518//504 1582//504 1644//504
f 1551//505 1549//505 1613//505 1615//505
f 1534//506 1536//506 1600//506 1598//506
f 1538//507 1540//507 1604//507 1602//507
f 1555//508 1553//508 1617//508 1619//508
f 1517//509 1579//509 1643//509 1581//509
f 1568//510 1570//510 1634//510 1632//510
f 1572//511 1574//511 1638//511 1636//511
f 1543//512 1541//512 1605//512 1607//512
f 1526//513 1528//513 1592//513 1590//513
f 1530//514 1532//514 1596//514 1594//514
f 1547//515 1545//515 1609//515 1611//515
f 1573//516 1571//516 1635//516 1637//516
f 1577//517 1575//517 1639//517 1641//517
f 1560//518 1562//518 1626//518 1624//518
f 1535//519 1533//519 1597//519 1599//519
f 1564//520 1566//520 1630//520 1628//520
f 1522//521 1524//521 1588//521 1586//521
f 1539//522 1537//522 1601//522 1603//522
f 1565//523 1563//523 1627//523 1629//523
f 1569//524 1567//524 1631//524 1633//524
f 1552//525 1554//525 1618//525 1616//525
f 1527//526 1525//526 1589//526 1591//526
f 1556//527 1558//527 1622//527 1620//527
f 1531//528 1529//528 1593//528 1595//528
f 1557//529 1555//529 1619//529 1621//529
f 1561//530 1559//530 1623//530 1625//530
f 1544//531 1546//531 1610//531 1608//531
f 1548//532 1550//532 1614//532 1612//532
f 1518//533 1520//533 1584//533 1582//533
f 1645//534 1646//534 1648//534 1647//534
f 1647//535 1648//535 1650//535 1649//535
f 1649//536 1650//536 1652//536 1651//536
f 1651//537 1652//537 1654//537 1653//537
f 1653//538 1654//538 1656//538 1655//538
f 1655//539 1656//539 1658//539 1657//539
f 1657//540 1658//540 1660//540 1659//540
f 1659//541 1660//541 1662//541 1661//541
f 1661//542 1662//542 1664//542 1663//542
f 1663//543 1664//543 1666//543 1665//543
f 1665//544 1666//544 1668//544 1667//544
f 1667//545 1668//545 1670//545 1669//545
f 1669//546 1670//546 1672//546 1671//546
f 1671//547 1672//547 1674//547 1673//547
f 1673//548 1674//548 1676//548 1675//548
f 1675//549 1676//549 1678//549 1677//549
f 1677//550 1678//550 1680//550 1679//550
f 1679//551 1680//551 1682//551 1681//551
f 1681//552 1682//552 1684//552 1683//552
f 1683//553 1684//553 1686//553 1685//553
f 1685//554 1686//554 1688//554 1687//554
f 1687//555 1688//555 1690//555 1689//555
f 1689//556 1690//556 1692//556 1691//556
f 1691//557 1692//557 1694//557 1693//557
f 1693//558 1694//558 1696//558 1695//558
f 1695//559 1696//559 1698//559 1697//559
f 1697//560 1698//560 1700//560 1699//560
f 1699//561 1700//561 1702//561 1701//561
f 1701//562 1702//562 1704//562 1703//562
f 1703//563 1704//563 1706//563 1705//563
f 1707//564 1708//564 1646//564 1645//564
f 1705//565 1706//565 1708//565 1707//565
f 1635//566 1633//566 1697//566 1699//566
f 1589//567 1587//567 1651//567 1653//567
f 1618//568 1620//568 1684//568 1682//568
f 1593//569 1591//569 1655//569 1657//569
f 1606//570 1608//570 1672//570 1670//570
f 1623//571 1621//571 1685//571 1687//571
f 1627//572 1625//572 1689//572 1691//572
f 1610//573 1612//573 1676//573 1674//573
f 1585//574 1583//574 1647//574 1649//574
f 1640//575 1642//575 1706//575 1704//575
f 1644//576 1582//576 1646//576 1708//576
f 1598//577 1600//577 1664//577 1662//577
f 1615//578 1613//578 1677//578 1679//578
f 1619//579 1617//579 1681//579 1683//579
f 1602//580 1604//580 1668//580 1666//580
f 1581//581 1643//581 1707//581 1645//581
f 1632//582 1634//582 1698//582 1696//582
f 1636//583 1638//583 1702//583 1700//583
f 1590//584 1592//584 1656//584 1654//584
f 1607//585 1605//585 1669//585 1671//585
f 1611//586 1609//586 1673//586 1675//586
f 1594//587 1596//587 1660//587 1658//587
f 1637//588 1635//588 1699//588 1701//588
f 1641//589 1639//589 1703//589 1705//589
f 1624//590 1626//590 1690//590 1688//590
f 1599//591 1597//591 1661//591 1663//591
f 1628//592 1630//592 1694//592 1692//592
f 1603//593 1601//593 1665//593 1667//593
f 1586//594 1588//594 1652//594 1650//594
f 1629//595 1627//595 1691//595 1693//595
f 1616//596 1618//596 1682//596 1680//596
f 1633//597 1631//597 1695//597 1697//597
usemtl Material.006
f 1520//466 1518//466 1580//466 1578//466 1576//466 1574//466 1572//466 1570//466 1568//466 1566//466 1564//466 1562//466 1560//466 1558//466 1556//466 1554//466 1552//466 1550//466 1548//466 1546//466 1544//466 1542//466 1540//466 1538//466 1536//466 1534//466 1532//466 1530//466 1528//466 1526//466 1524//466 1522//466
o Cylinder.000
v 1.513307 0.410345 -1.306430
v 1.513307 0.410345 -1.166199
v 1.545140 0.407210 -1.306430
v 1.545140 0.407210 -1.166199
v 1.575750 0.397925 -1.306430
v 1.575750 0.397924 -1.166199
v 1.603961 0.382846 -1.306430
v 1.603961 0.382846 -1.166199
v 1.628687 0.362553 -1.306430
v 1.628687 0.362553 -1.166199
v 1.648980 0.337827 -1.306430
v 1.648980 0.337827 -1.166199
v 1.664058 0.309617 -1.306430
v 1.664058 0.309616 -1.166199
v 1.673344 0.279007 -1.306430
v 1.673344 0.279006 -1.166199
v 1.676479 0.247173 -1.306430
v 1.676479 0.247173 -1.166199
v 1.673344 0.215340 -1.306430
v 1.673344 0.215340 -1.166199
v 1.664058 0.184730 -1.306430
v 1.664058 0.184730 -1.166199
v 1.648980 0.156520 -1.306430
v 1.648980 0.156520 -1.166199
v 1.628687 0.131793 -1.306430
v 1.628687 0.131793 -1.166199
v 1.603961 0.111501 -1.306430
v 1.603961 0.111501 -1.166199
v 1.575750 0.096422 -1.306430
v 1.575750 0.096422 -1.166199
v 1.545140 0.087137 -1.306430
v 1.545140 0.087136 -1.166199
v 1.513307 0.084001 -1.306430
v 1.513307 0.084001 -1.166199
v 1.481474 0.087137 -1.306430
v 1.481474 0.087136 -1.166199
v 1.450864 0.096422 -1.306430
v 1.450864 0.096422 -1.166199
v 1.422653 0.111501 -1.306430
v 1.422653 0.111501 -1.166199
v 1.397927 0.131793 -1.306430
v 1.397927 0.131793 -1.166199
v 1.377634 0.156520 -1.306430
v 1.377634 0.156520 -1.166199
v 1.362556 0.184730 -1.306430
v 1.362556 0.184730 -1.166199
v 1.353270 0.215340 -1.306430
v 1.353270 0.215340 -1.166199
v 1.350135 0.247173 -1.306430
v 1.350135 0.247173 -1.166199
v 1.353270 0.279007 -1.306430
v 1.353270 0.279007 -1.166199
v 1.362556 0.309617 -1.306430
v 1.362556 0.309617 -1.166199
v 1.377635 0.337827 -1.306430
v 1.377635 0.337827 -1.166199
v 1.397927 0.362553 -1.306430
v 1.397927 0.362553 -1.166199
v 1.422654 0.382846 -1.306430
v 1.422654 0.382846 -1.166199
v 1.450864 0.397925 -1.306430
v 1.450864 0.397925 -1.166199
v 1.481474 0.407210 -1.306430
v 1.481474 0.407210 -1.166199
v 1.513307 0.437079 -1.337339
v 1.513307 0.437079 -1.174133
v 1.550356 0.433430 -1.337339
v 1.550356 0.433430 -1.174133
v 1.585981 0.422624 -1.337339
v 1.585981 0.422624 -1.174133
v 1.618813 0.405074 -1.337339
v 1.618813 0.405074 -1.174133
v 1.647591 0.381457 -1.337339
v 1.647591 0.381457 -1.174133
v 1.671208 0.352679 -1.337340
v 1.671208 0.352679 -1.174133
v 1.688758 0.319847 -1.337340
v 1.688758 0.319847 -1.174133
v 1.699564 0.284222 -1.337340
v 1.699564 0.284222 -1.174133
v 1.703213 0.247173 -1.337340
v 1.703213 0.247173 -1.174133
v 1.699564 0.210124 -1.337340
v 1.699564 0.210124 -1.174133
v 1.688758 0.174499 -1.337340
v 1.688758 0.174499 -1.174133
v 1.671208 0.141667 -1.337340
v 1.671208 0.141667 -1.174133
v 1.647591 0.112889 -1.337340
v 1.647591 0.112889 -1.174133
v 1.618813 0.089272 -1.337340
v 1.618813 0.089272 -1.174133
v 1.585981 0.071723 -1.337340
v 1.585981 0.071723 -1.174133
v 1.550356 0.060916 -1.337340
v 1.550356 0.060916 -1.174133
v 1.513307 0.057267 -1.337340
v 1.513307 0.057267 -1.174133
v 1.476258 0.060916 -1.337340
v 1.476258 0.060916 -1.174133
v 1.440633 0.071723 -1.337340
v 1.440633 0.071723 -1.174133
v 1.407801 0.089272 -1.337340
v 1.407801 0.089272 -1.174133
v 1.379023 0.112889 -1.337340
v 1.379023 0.112889 -1.174133
v 1.355406 0.141667 -1.337340
v 1.355406 0.141667 -1.174133
v 1.337857 0.174499 -1.337340
v 1.337857 0.174499 -1.174133
v 1.327050 0.210125 -1.337340
v 1.327050 0.210124 -1.174133
v 1.323401 0.247173 -1.337340
v 1.323401 0.247173 -1.174133
v 1.327050 0.284222 -1.337340
v 1.327050 0.284222 -1.174133
v 1.337857 0.319847 -1.337340
v 1.337857 0.319847 -1.174133
v 1.355406 0.352680 -1.337340
v 1.355406 0.352680 -1.174133
v 1.379023 0.381457 -1.337339
v 1.379023 0.381457 -1.174133
v 1.407801 0.405075 -1.337339
v 1.407801 0.405075 -1.174133
v 1.440633 0.422624 -1.337339
v 1.440633 0.422624 -1.174133
v 1.476259 0.433431 -1.337339
v 1.476259 0.433430 -1.174133
v 1.513307 0.505338 -1.338142
v 1.513307 0.505338 -1.173330
v 1.563673 0.500378 -1.338142
v 1.563673 0.500378 -1.173330
v 1.612103 0.485687 -1.338142
v 1.612103 0.485687 -1.173330
v 1.656736 0.461830 -1.338142
v 1.656736 0.461830 -1.173330
v 1.695857 0.429724 -1.338142
v 1.695857 0.429723 -1.173330
v 1.727964 0.390602 -1.338143
v 1.727964 0.390602 -1.173330
v 1.751821 0.345969 -1.338143
v 1.751821 0.345969 -1.173330
v 1.766512 0.297539 -1.338143
v 1.766512 0.297539 -1.173330
v 1.771472 0.247173 -1.338143
v 1.771472 0.247173 -1.173330
v 1.766512 0.196808 -1.338143
v 1.766512 0.196808 -1.173330
v 1.751821 0.148378 -1.338143
v 1.751821 0.148378 -1.173330
v 1.727964 0.103744 -1.338143
v 1.727964 0.103744 -1.173330
v 1.695857 0.064623 -1.338143
v 1.695857 0.064623 -1.173330
v 1.656736 0.032517 -1.338143
v 1.656736 0.032517 -1.173330
v 1.612103 0.008660 -1.338143
v 1.612103 0.008660 -1.173330
v 1.563673 -0.006031 -1.338143
v 1.563673 -0.006032 -1.173330
v 1.513307 -0.010992 -1.338143
v 1.513307 -0.010992 -1.173330
v 1.462941 -0.006031 -1.338143
v 1.462941 -0.006031 -1.173330
v 1.414511 0.008660 -1.338143
v 1.414511 0.008660 -1.173330
v 1.369878 0.032517 -1.338143
v 1.369878 0.032517 -1.173330
v 1.330757 0.064623 -1.338143
v 1.330757 0.064623 -1.173330
v 1.298651 0.103745 -1.338143
v 1.298651 0.103744 -1.173330
v 1.274793 0.148378 -1.338143
v 1.274793 0.148378 -1.173330
v 1.260102 0.196808 -1.338143
v 1.260102 0.196808 -1.173330
v 1.255142 0.247174 -1.338143
v 1.255142 0.247173 -1.173330
v 1.260103 0.297539 -1.338143
v 1.260103 0.297539 -1.173330
v 1.274794 0.345969 -1.338143
v 1.274794 0.345969 -1.173330
v 1.298651 0.390602 -1.338143
v 1.298651 0.390602 -1.173330
v 1.330757 0.429724 -1.338142
v 1.330757 0.429724 -1.173330
v 1.369879 0.461830 -1.338142
v 1.369879 0.461830 -1.173330
v 1.414512 0.485687 -1.338142
v 1.414512 0.485687 -1.173330
v 1.462942 0.500378 -1.338142
v 1.462942 0.500378 -1.173330
vn 0.7253 0.2200 -0.6524
vn 0.0830 -0.2735 0.9583
vn 0.1813 -0.2209 0.9583
vn 0.5859 0.4808 -0.6524
vn -0.6684 -0.3573 -0.6524
vn -0.1347 -0.2520 0.9583
vn -0.4808 -0.5859 -0.6524
vn 0.6684 -0.3573 -0.6524
vn -0.0280 -0.2844 0.9583
vn 0.7543 -0.0743 -0.6524
vn 0.1813 0.2209 0.9583
vn -0.7253 0.2200 -0.6524
vn 0.0830 0.2735 0.9583
vn -0.2735 -0.0830 0.9583
vn -0.7543 -0.0743 -0.6524
vn 0.2200 -0.7253 -0.6524
vn -0.2209 -0.1813 0.9583
vn 0.4808 -0.5859 -0.6524
vn 0.2844 0.0280 0.9583
vn -0.0743 -0.7543 -0.6524
vn -0.3573 0.6684 -0.6524
vn 0.2520 0.1347 0.9583
vn -0.5859 0.4808 -0.6524
vn -0.2520 0.1347 0.9583
vn -0.2844 0.0280 0.9583
vn 0.2209 -0.1813 0.9583
vn 0.2200 0.7253 -0.6524
vn 0.2735 -0.0830 0.9583
vn -0.0743 0.7543 -0.6524
vn -0.0830 0.2735 0.9583
vn -0.0000 -0.0000 1.0000
vn -0.3573 -0.6684 -0.6524
vn -0.1813 0.2209 0.9583
vn -0.0000 -0.0000 -1.0000
vn 0.0118 -0.0012 -0.9999
vn 0.0012 0.0118 0.9999
vn -0.0075 -0.0091 0.9999
vn -0.0034 -0.0113 0.9999
vn -0.0113 0.0034 -0.9999
vn 0.0113 0.0034 0.9999
vn -0.0118 -0.0012 -0.9999
vn 0.0034 -0.0113 -0.9999
vn 0.0091 0.0075 0.9999
vn 0.0075 -0.0091 -0.9999
vn -0.0012 -0.0118 -0.9999
vn -0.0118 -0.0012 0.9999
vn -0.0104 -0.0056 0.9999
vn -0.0056 0.0104 -0.9999
vn -0.0091 0.0075 -0.9999
vn 0.0104 -0.0056 0.9999
vn 0.0118 -0.0012 0.9999
vn -0.0091 0.0075 0.9999
vn -0.0113 0.0034 0.9999
vn 0.0034 0.0113 -0.9999
vn -0.0012 0.0118 -0.9999
vn 0.0034 -0.0113 0.9999
vn -0.0056 -0.0104 -0.9999
vn 0.0075 -0.0091 0.9999
vn -0.0012 0.0118 0.9999
vn -0.0012 -0.0118 0.9999
vn -0.0056 0.0104 0.9999
vn 0.0104 0.0056 -0.9999
vn 0.0075 0.0091 -0.9999
vn -0.0113 -0.0034 -0.9999
vn 0.0075 0.0091 0.9999
vn -0.0091 -0.0075 -0.9999
vn -0.2200 -0.7253 -0.6524
vn -0.1347 0.2520 0.9583
vn -0.0280 0.2844 0.9583
vn 0.0743 0.7543 -0.6524
vn 0.2844 -0.0280 0.9583
vn 0.2520 -0.1347 0.9583
vn 0.3573 0.6684 -0.6524
vn 0.0743 -0.7543 -0.6524
vn -0.2735 0.0830 0.9583
vn -0.2209 0.1813 0.9583
vn -0.4808 0.5859 -0.6524
vn 0.2209 0.1813 0.9583
vn 0.2735 0.0830 0.9583
vn -0.2200 0.7253 -0.6524
vn 0.5859 -0.4808 -0.6524
vn 0.3573 -0.6684 -0.6524
vn -0.2520 -0.1347 0.9583
vn -0.7543 0.0743 -0.6524
vn -0.2844 -0.0280 0.9583
vn 0.1347 0.2520 0.9583
vn -0.6684 0.3573 -0.6524
vn 0.7543 0.0743 -0.6524
vn 0.7253 -0.2200 -0.6524
vn -0.0830 -0.2735 0.9583
vn -0.5859 -0.4808 -0.6524
vn -0.1813 -0.2209 0.9583
vn -0.7253 -0.2200 -0.6524
vn 0.4808 0.5859 -0.6524
vn 0.6684 0.3573 -0.6524
vn 0.1347 -0.2520 0.9583
vn 0.0280 -0.2844 0.9583
vn 0.0280 0.2844 0.9583
vn 0.0980 0.9952 -0.0000
vn 0.2903 0.9569 -0.0000
vn 0.4714 0.8819 -0.0000
vn 0.6344 0.7730 -0.0000
vn 0.7730 0.6344 -0.0000
vn 0.8819 0.4714 -0.0000
vn 0.9569 0.2903 -0.0000
vn 0.9952 0.0980 -0.0000
vn 0.9952 -0.0980 -0.0000
vn 0.9569 -0.2903 -0.0000
vn 0.8819 -0.4714 -0.0000
vn 0.7730 -0.6344 -0.0000
vn 0.6344 -0.7730 -0.0000
vn 0.4714 -0.8819 -0.0000
vn 0.2903 -0.9569 -0.0000
vn 0.0980 -0.9952 -0.0000
vn -0.0980 -0.9952 -0.0000
vn -0.2903 -0.9569 -0.0000
vn -0.4714 -0.8819 -0.0000
vn -0.6344 -0.7730 -0.0000
vn -0.7730 -0.6344 -0.0000
vn -0.8819 -0.4714 -0.0000
vn -0.9569 -0.2903 -0.0000
vn -0.9952 -0.0980 -0.0000
vn -0.9952 0.0980 -0.0000
vn -0.9569 0.2903 -0.0000
vn -0.8819 0.4714 -0.0000
vn -0.7730 0.6344 -0.0000
vn -0.6344 0.7730 -0.0000
vn -0.4714 0.8819 -0.0000
vn -0.0980 0.9952 -0.0000
vn -0.2903 0.9569 -0.0000
vn 0.0104 -0.0056 -0.9999
vn -0.0075 -0.0091 -0.9999
vn 0.0056 0.0104 0.9999
vn -0.0104 -0.0056 -0.9999
vn -0.0075 0.0091 0.9999
vn 0.0091 0.0075 -0.9999
vn 0.0113 0.0034 -0.9999
vn -0.0034 0.0113 0.9999
vn -0.0034 -0.0113 -0.9999
vn 0.0056 -0.0104 0.9999
vn 0.0012 -0.0118 0.9999
vn -0.0118 0.0012 0.9999
vn 0.0012 0.0118 -0.9999
vn 0.0056 0.0104 -0.9999
vn -0.0104 0.0056 0.9999
vn 0.0012 -0.0118 -0.9999
vn 0.0113 -0.0034 0.9999
vn 0.0091 -0.0075 0.9999
vn -0.0091 -0.0075 0.9999
vn -0.0075 0.0091 -0.9999
vn -0.0034 0.0113 -0.9999
vn -0.0113 -0.0034 0.9999
vn 0.0091 -0.0075 -0.9999
vn 0.0056 -0.0104 -0.9999
vn 0.0104 0.0056 0.9999
vn -0.0118 0.0012 -0.9999
vn 0.0118 0.0012 0.9999
vn -0.0104 0.0056 -0.9999
vn -0.0056 -0.0104 0.9999
vn 0.0118 0.0012 -0.9999
vn 0.0034 0.0113 0.9999
vn 0.0113 -0.0034 -0.9999
s 0
usemtl Material.010
f 1755//598 1753//598 1817//598 1819//598
f 1738//599 1740//599 1804//599 1802//599
f 1734//600 1736//600 1800//600 1798//600
f 1751//601 1749//601 1813//601 1815//601
f 1721//602 1719//602 1783//602 1785//602
f 1746//603 1748//603 1812//603 1810//603
f 1717//604 1715//604 1779//604 1781//604
f 1763//605 1761//605 1825//605 1827//605
f 1742//606 1744//606 1808//606 1806//606
f 1759//607 1757//607 1821//607 1823//607
f 1716//608 1718//608 1782//608 1780//608
f 1729//609 1727//609 1791//609 1793//609
f 1712//610 1714//610 1778//610 1776//610
f 1754//611 1756//611 1820//611 1818//611
f 1725//612 1723//612 1787//612 1789//612
f 1771//613 1769//613 1833//613 1835//613
f 1750//614 1752//614 1816//614 1814//614
f 1767//615 1765//615 1829//615 1831//615
f 1724//616 1726//616 1790//616 1788//616
f 1711//617 1709//617 1773//617 1775//617
f 1737//618 1735//618 1799//618 1801//618
f 1720//619 1722//619 1786//619 1784//619
f 1733//620 1731//620 1795//620 1797//620
f 1762//621 1764//621 1828//621 1826//621
f 1758//622 1760//622 1824//622 1822//622
f 1732//623 1734//623 1798//623 1796//623
f 1745//624 1743//624 1807//624 1809//624
f 1728//625 1730//625 1794//625 1792//625
f 1741//626 1739//626 1803//626 1805//626
f 1770//627 1772//627 1836//627 1834//627
f 1712//628 1710//628 1772//628 1770//628 1768//628 1766//628 1764//628 1762//628 1760//628 1758//628 1756//628 1754//628 1752//628 1750//628 1748//628 1746//628 1744//628 1742//628 1740//628 1738//628 1736//628 1734//628 1732//628 1730//628 1728//628 1726//628 1724//628 1722//628 1720//628 1718//628 1716//628 1714//628
f 1715//629 1713//629 1777//629 1779//629
f 1766//630 1768//630 1832//630 1830//630
f 1823//632 1821//632 1885//632 1887//632
f 1806//633 1808//633 1872//633 1870//633
f 1780//634 1782//634 1846//634 1844//634
f 1776//635 1778//635 1842//635 1840//635
f 1793//636 1791//636 1855//636 1857//636
f 1818//637 1820//637 1884//637 1882//637
f 1789//638 1787//638 1851//638 1853//638
f 1835//639 1833//639 1897//639 1899//639
f 1814//640 1816//640 1880//640 1878//640
f 1831//641 1829//641 1893//641 1895//641
f 1775//642 1773//642 1837//642 1839//642
f 1788//643 1790//643 1854//643 1852//643
f 1784//644 1786//644 1850//644 1848//644
f 1801//645 1799//645 1863//645 1865//645
f 1797//646 1795//646 1859//646 1861//646
f 1826//647 1828//647 1892//647 1890//647
f 1822//648 1824//648 1888//648 1886//648
f 1796//649 1798//649 1862//649 1860//649
f 1792//650 1794//650 1858//650 1856//650
f 1809//651 1807//651 1871//651 1873//651
f 1805//652 1803//652 1867//652 1869//652
f 1834//653 1836//653 1900//653 1898//653
f 1779//654 1777//654 1841//654 1843//654
f 1830//655 1832//655 1896//655 1894//655
f 1804//656 1806//656 1870//656 1868//656
f 1774//657 1776//657 1840//657 1838//657
f 1800//658 1802//658 1866//658 1864//658
f 1817//659 1815//659 1879//659 1881//659
f 1813//660 1811//660 1875//660 1877//660
f 1787//661 1785//661 1849//661 1851//661
f 1812//662 1814//662 1878//662 1876//662
f 1783//663 1781//663 1845//663 1847//663
f 1713//664 1711//664 1775//664 1777//664
f 1768//665 1770//665 1834//665 1832//665
f 1772//666 1710//666 1774//666 1836//666
f 1743//667 1741//667 1805//667 1807//667
f 1726//668 1728//668 1792//668 1790//668
f 1730//669 1732//669 1796//669 1794//669
f 1747//670 1745//670 1809//670 1811//670
f 1709//671 1771//671 1835//671 1773//671
f 1760//672 1762//672 1826//672 1824//672
f 1764//673 1766//673 1830//673 1828//673
f 1735//674 1733//674 1797//674 1799//674
f 1718//675 1720//675 1784//675 1782//675
f 1722//676 1724//676 1788//676 1786//676
f 1739//677 1737//677 1801//677 1803//677
f 1765//678 1763//678 1827//678 1829//678
f 1769//679 1767//679 1831//679 1833//679
f 1752//680 1754//680 1818//680 1816//680
f 1727//681 1725//681 1789//681 1791//681
f 1756//682 1758//682 1822//682 1820//682
f 1714//683 1716//683 1780//683 1778//683
f 1731//684 1729//684 1793//684 1795//684
f 1757//685 1755//685 1819//685 1821//685
f 1761//686 1759//686 1823//686 1825//686
f 1744//687 1746//687 1810//687 1808//687
f 1719//688 1717//688 1781//688 1783//688
f 1748//689 1750//689 1814//689 1812//689
f 1723//690 1721//690 1785//690 1787//690
f 1749//691 1747//691 1811//691 1813//691
f 1753//692 1751//692 1815//692 1817//692
f 1736//693 1738//693 1802//693 1800//693
f 1740//694 1742//694 1806//694 1804//694
f 1710//695 1712//695 1776//695 1774//695
f 1837//696 1838//696 1840//696 1839//696
f 1839//697 1840//697 1842//697 1841//697
f 1841//698 1842//698 1844//698 1843//698
f 1843//699 1844//699 1846//699 1845//699
f 1845//700 1846//700 1848//700 1847//700
f 1847//701 1848//701 1850//701 1849//701
f 1849//702 1850//702 1852//702 1851//702
f 1851//703 1852//703 1854//703 1853//703
f 1853//704 1854//704 1856//704 1855//704
f 1855//705 1856//705 1858//705 1857//705
f 1857//706 1858//706 1860//706 1859//706
f 1859//707 1860//707 1862//707 1861//707
f 1861//708 1862//708 1864//708 1863//708
f 1863//709 1864//709 1866//709 1865//709
f 1865//710 1866//710 1868//710 1867//710
f 1867//711 1868//711 1870//711 1869//711
f 1869//712 1870//712 1872//712 1871//712
f 1871//713 1872//713 1874//713 1873//713
f 1873//714 1874//714 1876//714 1875//714
f 1875//715 1876//715 1878//715 1877//715
f 1877//716 1878//716 1880//716 1879//716
f 1879//717 1880//717 1882//717 1881//717
f 1881//718 1882//718 1884//718 1883//718
f 1883//719 1884//719 1886//719 1885//719
f 1885//720 1886//720 1888//720 1887//720
f 1887//721 1888//721 1890//721 1889//721
f 1889//722 1890//722 1892//722 1891//722
f 1891//723 1892//723 1894//723 1893//723
f 1893//724 1894//724 1896//724 1895//724
f 1895//725 1896//725 1898//725 1897//725
f 1899//726 1900//726 1838//726 1837//726
f 1897//727 1898//727 1900//727 1899//727
f 1827//728 1825//728 1889//728 1891//728
f 1781//729 1779//729 1843//729 1845//729
f 1810//730 1812//730 1876//730 1874//730
f 1785//731 1783//731 1847//731 1849//731
f 1798//732 1800//732 1864//732 1862//732
f 1815//733 1813//733 1877//733 1879//733
f 1819//734 1817//734 1881//734 1883//734
f 1802//735 1804//735 1868//735 1866//735
f 1777//736 1775//736 1839//736 1841//736
f 1832//737 1834//737 1898//737 1896//737
f 1836//738 1774//738 1838//738 1900//738
f 1790//739 1792//739 1856//739 1854//739
f 1807//740 1805//740 1869//740 1871//740
f 1811//741 1809//741 1873//741 1875//741
f 1794//742 1796//742 1860//742 1858//742
f 1773//743 1835//743 1899//743 1837//743
f 1824//744 1826//744 1890//744 1888//744
f 1828//745 1830//745 1894//745 1892//745
f 1782//746 1784//746 1848//746 1846//746
f 1799//747 1797//747 1861//747 1863//747
f 1803//748 1801//748 1865//748 1867//748
f 1786//749 1788//749 1852//749 1850//749
f 1829//750 1827//750 1891//750 1893//750
f 1833//751 1831//751 1895//751 1897//751
f 1816//752 1818//752 1882//752 1880//752
f 1791//753 1789//753 1853//753 1855//753
f 1820//754 1822//754 1886//754 1884//754
f 1795//755 1793//755 1857//755 1859//755
f 1778//756 1780//756 1844//756 1842//756
f 1821//757 1819//757 1883//757 1885//757
f 1808//758 1810//758 1874//758 1872//758
f 1825//759 1823//759 1887//759 1889//759
usemtl ДИСК.001
f 1709//631 1711//631 1713//631 1715//631 1717//631 1719//631 1721//631 1723//631 1725//631 1727//631 1729//631 1731//631 1733//631 1735//631 1737//631 1739//631 1741//631 1743//631 1745//631 1747//631 1749//631 1751//631 1753//631 1755//631 1757//631 1759//631 1761//631 1763//631 1765//631 1767//631 1769//631 1771//631
